Time,Time (Minutes),Distance (Hops),Distance (1000km),Time of Signal (milliseconds)
1,0.01666666667,14,10.42658,34.77932724
2,0.35,16,9.916756,33.07873742
3,0.6833333333,16,9.911808,33.06223267
4,1.016666667,16,9.951241,33.193767
5,1.35,16,10.11734,33.74781363
6,1.683333333,14,10.3416,34.49586447
7,2.016666667,16,9.916663,33.07842721
8,2.35,16,9.939119,33.15333236
9,2.683333333,16,10.00628,33.37735734
10,3.016666667,14,10.42566,34.77625845
11,3.35,14,10.25074,34.19278813
12,3.683333333,16,9.938073,33.14984328
13,4.016666667,16,9.973139,33.26681087
14,4.35,16,10.14953,33.85518791
15,4.683333333,14,10.31654,34.41227331
16,5.016666667,16,9.944951,33.17278582
17,5.35,16,9.95996,33.22285046
18,5.683333333,16,10.02608,33.44340304
19,6.016666667,14,10.3899,34.65697593
20,6.35,14,10.2208,34.09291904
21,6.683333333,16,9.95872,33.21871426
22,7.016666667,16,9.99026,33.32392038
23,7.35,16,10.17941,33.95485686
24,7.683333333,14,10.29369,34.33605391
25,8.016666667,14,10.14342,33.83480715
26,8.35,16,9.974093,33.26999307
27,8.683333333,14,10.01965,33.42195486
28,9.016666667,14,10.37098,34.5938656
29,9.35,14,10.1956,34.00886089
30,9.683333333,16,9.955557,33.20816363
31,10.01666667,16,9.991836,33.32917735
32,10.35,16,10.16734,33.91459568
33,10.68333333,14,10.26811,34.25072822
34,11.01666667,16,9.940523,33.1580156
35,11.35,16,9.955564,33.20818698
36,11.68333333,14,9.989128,33.32014443
37,12.01666667,14,10.34297,34.5004343
38,12.35,14,10.15687,33.87967152
39,12.68333333,16,9.929755,33.12209742
40,13.01666667,16,9.961507,33.22801069
41,13.35,16,10.15242,33.86482791
42,13.68333333,14,10.22434,34.10472721
43,14.01666667,16,9.922456,33.09775058
44,14.35,16,9.935459,33.14112392
45,14.68333333,14,9.960268,33.22387783
46,15.01666667,14,10.31487,34.40670279
47,15.35,16,9.928131,33.11668034
48,15.68333333,16,9.915207,33.07357052
49,16.01666667,16,9.94496,33.17281584
50,16.35,16,10.14827,33.850985
51,16.68333333,14,10.19039,33.9914822
52,17.01666667,16,9.904774,33.03876977
53,17.35,16,9.910284,33.05714916
54,17.68333333,14,9.936809,33.14562703
55,18.01666667,14,10.2783,34.2847184
56,18.35,16,9.909369,33.05409704
57,18.68333333,16,9.893889,33.00246132
58,19.01666667,16,9.918819,33.08561885
59,19.35,14,9.946055,33.17646837
60,19.68333333,14,10.16944,33.92160052
61,20.01666667,16,9.892226,32.99691415
62,20.35,16,9.8937,33.00183089
63,20.68333333,14,9.914276,33.07046503
64,21.01666667,15,10.32234,34.43162002
65,21.35,16,9.903241,33.03365624
66,21.68333333,16,9.881029,32.95956498
67,22.01666667,16,9.903427,33.03427667
68,22.35,14,9.923526,33.10131971
69,22.68333333,17,10.41599,34.7440028
70,23.01666667,16,9.878572,32.95136931
71,23.35,16,9.874762,32.93866052
72,23.68333333,14,9.893001,32.99949927
73,24.01666667,17,10.39228,34.66491475
74,24.35,16,9.888249,32.98364831
75,24.68333333,16,9.861834,32.89553735
76,25.01666667,16,9.883323,32.96721694
77,25.35,14,9.90375,33.03535408
78,25.68333333,17,10.39958,34.68926493
79,26.01666667,16,9.866859,32.91229895
80,26.35,16,9.863909,32.90245881
81,26.68333333,14,9.872251,32.93028472
82,27.01666667,17,10.37969,34.62291903
83,27.35,16,9.888806,32.98550626
84,27.68333333,16,9.856087,32.87636742
85,28.01666667,14,9.86966,32.92164208
86,28.35,16,9.953979,33.20289999
87,28.68333333,17,10.38414,34.63776264
88,29.01666667,16,9.857873,32.88232488
89,29.35,16,9.849776,32.85531619
90,29.68333333,16,9.881548,32.96129618
91,30.01666667,16,10.1986,34.01886781
92,30.35,16,9.878241,32.95026521
93,30.68333333,16,9.841887,32.82900132
94,31.01666667,16,9.851915,32.86245113
95,31.35,16,9.935384,33.14087374
96,31.68333333,17,10.37433,34.60504
97,32.01666667,16,9.854936,32.8725281
98,32.35,16,9.841461,32.82758034
99,32.68333333,16,9.870309,32.92380691
100,33.01666667,16,10.20772,34.04928886
101,33.35,16,9.878057,32.94965146
102,33.68333333,16,9.842613,32.831423
103,34.01666667,16,9.845528,32.84114639
104,34.35,16,9.931032,33.12635703
105,34.68333333,17,10.36969,34.58956262
106,35.01666667,16,9.850388,32.85735761
107,35.35,16,9.830549,32.79118182
108,35.68333333,16,9.860002,32.88942646
109,36.01666667,16,10.22125,34.09442008
110,36.35,16,9.874809,32.93881729
111,36.68333333,16,9.832536,32.79780974
112,37.01666667,16,9.834469,32.80425754
113,37.35,16,9.926847,33.11239738
114,37.68333333,17,10.3676,34.58259113
115,38.01666667,16,9.851491,32.86103682
116,38.35,16,9.827154,32.77985732
117,38.68333333,16,9.855942,32.87588376
118,39.01666667,16,10.23355,34.13544846
119,39.35,16,9.888402,32.98415866
120,39.68333333,16,9.837394,32.81401429
121,40.01666667,16,9.834662,32.80490132
122,40.35,16,9.887272,32.98038939
123,40.68333333,17,10.37013,34.59103031
124,41.01666667,16,9.857375,32.88066373
125,41.35,16,9.82439,32.77063761
126,41.68333333,16,9.850453,32.85757442
127,42.01666667,16,9.975415,33.27440279
128,42.35,16,9.887903,32.98249418
129,42.68333333,16,9.831871,32.79559154
130,43.01666667,16,9.831624,32.79476764
131,43.35,16,9.889163,32.98669708
132,43.68333333,17,10.37661,34.61264526
133,44.01666667,16,9.858271,32.88365246
134,44.35,16,9.828363,32.78389011
135,44.68333333,16,9.858271,32.88365246
136,45.01666667,16,9.983538,33.3014982
137,45.35,16,9.900134,33.0232924
138,45.68333333,16,9.84032,32.82377437
139,46.01666667,16,9.83984,32.82217326
140,46.35,16,9.894524,33.00457945
141,46.68333333,17,10.38762,34.64937067
142,47.01666667,16,9.864597,32.90475373
143,47.35,16,9.834167,32.80325017
144,47.68333333,16,9.860577,32.89134445
145,48.01666667,16,9.998348,33.35089904
146,48.35,17,10.40224,34.69813774
147,48.68333333,16,9.843177,32.8333043
148,49.01666667,16,9.84406,32.83624967
149,49.35,16,9.905398,33.04085121
150,49.68333333,17,10.39591,34.67702313
151,50.01666667,16,9.872468,32.93100856
152,50.35,16,9.845007,32.83940852
153,50.68333333,16,9.873399,32.93411404
154,51.01666667,16,10.01285,33.39927251
155,51.35,17,10.41064,34.72615712
156,51.68333333,16,9.86018,32.8900202
157,52.01666667,16,9.860505,32.89110429
158,52.35,16,9.917272,33.08045862
159,52.68333333,17,10.40635,34.71184722
160,53.01666667,16,9.885834,32.97559273
161,53.35,16,9.856526,32.87783177
162,53.68333333,16,9.88645,32.97764749
163,54.01666667,16,10.02383,33.43589784
164,54.35,17,10.41605,34.74420294
165,54.68333333,16,9.869411,32.9208115
166,55.01666667,16,9.870158,32.92330323
167,55.35,16,9.930829,33.1256799
168,55.68333333,17,10.41859,34.75267547
169,56.01666667,14,10.41003,34.72412238
170,56.35,16,9.874376,32.93737296
171,56.68333333,16,9.905262,33.04039757
172,57.01666667,16,10.04403,33.50327779
173,57.35,17,10.43478,34.80667949
174,57.68333333,16,9.892168,32.99672068
175,58.01666667,16,9.895431,33.00760488
176,58.35,16,9.948895,33.18594159
177,58.68333333,16,10.11558,33.7419429
178,59.01666667,14,10.36727,34.58149037
179,59.35,16,9.893433,33.00094027
180,59.68333333,16,9.926291,33.11054276
181,60.01666667,16,10.07037,33.59113857
182,60.35,14,10.44035,34.82525901
183,60.68333333,16,9.906804,33.04554113
184,61.01666667,16,9.913039,33.06633885
185,61.35,16,9.962917,33.23271395
186,61.68333333,16,10.14372,33.83580784
187,62.01666667,14,10.32768,34.44943235
188,62.35,16,9.917063,33.07976147
189,62.68333333,16,9.947035,33.1797373
190,63.01666667,16,10.01529,33.40741147
191,63.35,14,10.41728,34.74830578
192,63.68333333,14,10.23137,34.12817677
193,64.01666667,16,9.941633,33.16171816
194,64.35,16,9.987477,33.31463729
195,64.68333333,16,10.16763,33.91556301
196,65.01666667,14,10.2892,34.32107688
197,65.35,16,9.942289,33.16390634
198,65.68333333,16,9.966146,33.24348473
199,66.01666667,16,10.03601,33.47652595
200,66.35,14,10.37767,34.61618104
201,66.68333333,14,10.20055,34.02537231
202,67.01666667,16,9.958582,33.21825394
203,67.35,16,10.00633,33.37752413
204,67.68333333,16,10.18726,33.98104164
205,68.01666667,14,10.26589,34.24332309
206,68.35,16,9.949545,33.18810976
207,68.68333333,16,9.969672,33.2552462
208,69.01666667,14,10.04098,33.49310409
209,69.35,14,10.35518,34.54116247
210,69.68333333,14,10.17047,33.92503623
211,70.01666667,16,9.9444,33.17094788
212,70.35,16,9.983717,33.30209528
213,70.68333333,16,10.18748,33.98177549
214,71.01666667,14,10.24323,34.16773747
215,71.35,16,9.9296,33.1215804
216,71.68333333,16,9.944571,33.17151828
217,72.01666667,14,10.0071,33.38009257
218,72.35,14,10.33011,34.45753795
219,72.68333333,14,10.15016,33.85728937
220,73.01666667,16,9.924066,33.10312096
221,73.35,16,9.960081,33.22325407
222,73.68333333,16,10.17694,33.94661783
223,74.01666667,14,10.21179,34.06286492
224,74.35,16,9.916617,33.07827377
225,74.68333333,16,9.925064,33.10644993
226,75.01666667,14,9.976126,33.27677443
227,75.35,14,10.30002,34.35716852
228,75.68333333,16,9.923269,33.10046245
229,76.01666667,16,9.90104,33.02631449
230,76.35,16,9.937332,33.14737157
231,76.68333333,16,10.15594,33.87656937
232,77.01666667,14,10.19333,34.00128899
233,77.35,16,9.89305,32.99966272
234,77.68333333,16,9.901693,33.02849266
235,78.01666667,14,9.947681,33.18189212
236,78.35,15,10.34807,34.51744607
237,78.68333333,16,9.903334,33.03396645
238,79.01666667,16,9.883203,32.96681666
239,79.35,16,9.919467,33.08778035
240,79.68333333,16,10.14879,33.85271954
241,80.01666667,14,10.16001,33.89014543
242,80.35,16,9.880755,32.95865101
243,80.68333333,16,9.889862,32.9890287
244,81.01666667,14,9.915719,33.07527836
245,81.35,15,10.32119,34.42778404
246,81.68333333,16,9.892389,32.99745786
247,82.01666667,16,9.868752,32.91861332
248,82.35,16,9.901272,33.02708836
249,82.68333333,14,9.926916,33.11262754
250,83.01666667,17,10.41906,34.75424322
251,83.35,16,9.863676,32.9016816
252,83.68333333,16,9.870471,32.92434728
253,84.01666667,14,9.891803,32.99550318
254,84.35,17,10.39673,34.67975835
255,84.68333333,16,9.878984,32.95274359
256,85.01666667,16,9.855971,32.87598049
257,85.35,16,9.887039,32.97961218
258,85.68333333,14,9.908194,33.05017767
259,86.01666667,17,10.40018,34.69126632
260,86.35,16,9.858484,32.88436295
261,86.68333333,16,9.86306,32.89962685
262,87.01666667,14,9.874416,32.93750639
263,87.35,17,10.38187,34.63019073
264,87.68333333,16,9.872156,32.92996784
265,88.01666667,16,9.847914,32.84910523
266,88.35,14,9.867743,32.91524765
267,88.68333333,16,9.96592,33.24273088
268,89.01666667,17,10.37918,34.62121786
269,89.35,16,9.847081,32.84632664
270,89.68333333,16,9.848482,32.85099987
271,90.01666667,16,9.888824,32.9855663
272,90.35,17,10.36541,34.57528608
273,90.68333333,16,9.865366,32.90731884
274,91.01666667,16,9.841477,32.82763371
275,91.35,16,9.858033,32.88285858
276,91.68333333,16,9.95098,33.1928964
277,92.01666667,17,10.37243,34.59870228
278,92.35,16,9.84881,32.85209396
279,92.68333333,16,9.844004,32.83606287
280,93.01666667,16,9.885146,32.97329781
281,93.35,17,10.35677,34.54646614
282,93.68333333,16,9.867756,32.91529102
283,94.01666667,16,9.838942,32.81917786
284,94.35,16,9.851706,32.86175398
285,94.68333333,16,9.941671,33.16184492
286,95.01666667,17,10.36271,34.56627985
287,95.35,16,9.843032,32.83282063
288,95.68333333,16,9.833178,32.79995122
289,96.01666667,16,9.872573,32.9313588
290,96.35,17,10.34862,34.51928067
291,96.68333333,16,9.867241,32.91357316
292,97.01666667,16,9.833829,32.80212273
293,97.35,16,9.84698,32.84598974
294,97.68333333,16,9.93536,33.14079369
295,98.01666667,17,10.36117,34.56114296
296,98.35,16,9.849881,32.85566644
297,98.68333333,16,9.834825,32.80544503
298,99.01666667,16,9.872078,32.92970766
299,99.35,16,10.23286,34.13314687
300,99.68333333,16,9.874102,32.936459
301,100.0166667,16,9.835068,32.80625559
302,100.35,16,9.846676,32.84497571
303,100.6833333,16,9.929638,33.12170715
304,101.0166667,17,10.35788,34.5501687
305,101.35,16,9.847013,32.84609982
306,101.6833333,16,9.83231,32.79705589
307,102.0166667,16,9.863595,32.90141142
308,102.35,16,10.25812,34.21740516
309,102.6833333,16,9.879983,32.9560759
310,103.0166667,16,9.836465,32.81091548
311,103.35,16,9.845038,32.83951193
312,103.6833333,16,9.909039,33.05299628
313,104.0166667,17,10.36576,34.57645355
314,104.35,16,9.858946,32.88590402
315,104.6833333,16,9.843012,32.83275392
316,105.0166667,16,9.867028,32.91286267
317,105.35,16,9.992321,33.33079513
318,105.6833333,16,9.89026,32.99035628
319,106.0166667,16,9.845161,32.83992221
320,106.35,16,9.847121,32.84646007
321,106.6833333,16,9.918968,33.08611586
322,107.0166667,17,10.37168,34.59620055
323,107.35,16,9.861253,32.89359934
324,107.6833333,16,9.843181,32.83331764
325,108.0166667,16,9.869736,32.92189559
326,108.35,16,10.00093,33.35951167
327,108.6833333,16,9.899128,33.01993675
328,109.0166667,16,9.85532,32.87380899
329,109.35,16,9.853661,32.86827516
330,109.6833333,16,9.911036,33.05965756
331,110.0166667,17,10.3903,34.65831018
332,110.35,16,9.877919,32.94919114
333,110.6833333,16,9.855204,32.87342205
334,111.0166667,16,9.881521,32.96120612
335,111.35,16,10.01055,33.39160053
336,111.6833333,17,10.41963,34.75614453
337,112.0166667,16,9.867562,32.9146439
338,112.35,16,9.86384,32.90222865
339,112.6833333,16,9.915915,33.07593215
340,113.0166667,17,10.40282,34.70007241
341,113.35,16,9.890858,32.992351
342,113.6833333,16,9.861102,32.89309566
343,114.0166667,16,9.889363,32.98736421
344,114.35,16,10.02999,33.45644539
345,114.6833333,17,10.43761,34.81611936
346,115.0166667,16,9.877629,32.9482238
347,115.35,16,9.877724,32.94854069
348,115.6833333,16,9.935019,33.13965624
349,116.0166667,17,10.42669,34.77969416
350,116.35,16,9.909732,33.05530788
351,116.6833333,16,9.88033,32.95723337
352,117.0166667,16,9.9094,33.05420045
353,117.35,16,10.05428,33.53746811
354,117.6833333,17,10.46011,34.89117128
355,118.0166667,16,9.893659,33.00169413
356,118.35,16,9.895396,33.00748813
357,118.6833333,16,9.948678,33.18521775
358,119.0166667,17,10.45048,34.85904906
359,119.35,14,10.35728,34.54816732
360,119.6833333,16,9.893827,33.00225451
361,120.0166667,16,9.924606,33.10492221
362,120.35,16,10.07762,33.61532197
363,120.6833333,14,10.44294,34.83389832
364,121.0166667,16,9.911294,33.06051815
365,121.35,16,9.914271,33.07044836
366,121.6833333,16,9.972013,33.26305494
367,122.0166667,17,10.47754,34.9493115
368,122.35,14,10.31608,34.41073891
369,122.6833333,16,9.918628,33.08498174
370,123.0166667,16,9.946712,33.17865988
371,123.35,16,10.10865,33.71882691
372,123.6833333,14,10.40801,34.71738438
373,124.0166667,14,10.22575,34.10943046
374,124.35,16,9.933676,33.13517647
375,124.6833333,16,9.988616,33.31843658
376,125.0166667,16,10.18522,33.97423694
377,125.35,14,10.28012,34.29078926
378,125.6833333,16,9.964158,33.23685348
379,126.0166667,16,9.965938,33.24279092
380,126.35,16,10.05614,33.5436724
381,126.6833333,14,10.36783,34.58335833
382,127.0166667,14,10.19209,33.99715279
383,127.35,16,9.959,33.21964824
384,127.6833333,16,10.00197,33.36298073
385,128.0166667,16,10.20836,34.05142367
386,128.35,14,10.25594,34.21013347
387,128.6833333,16,9.948267,33.18384681
388,129.0166667,16,9.964841,33.23913172
389,129.35,14,10.02913,33.45357674
390,129.6833333,14,10.32938,34.45510294
391,130.0166667,14,10.14904,33.85355345
392,130.35,16,9.936616,33.14498325
393,130.6833333,16,9.981622,33.29510711
394,131.0166667,16,10.18744,33.98164206
395,131.35,14,10.22104,34.0937196
396,131.6833333,16,9.924582,33.10484215
397,132.0166667,16,9.94178,33.1622085
398,132.35,14,10.00037,33.35764371
399,132.6833333,14,10.30523,34.37454721
400,133.0166667,16,9.932834,33.13236786
401,133.35,16,9.919675,33.08847416
402,133.6833333,16,9.964612,33.23836786
403,134.0166667,16,10.18642,33.97823971
404,134.35,14,10.19363,34.00228968
405,134.6833333,16,9.91309,33.06650896
406,135.0166667,16,9.925505,33.10792095
407,135.35,14,9.974055,33.26986632
408,135.6833333,14,10.26847,34.25192905
409,136.0166667,16,9.919861,33.08909459
410,136.35,16,9.900629,33.02494354
411,136.6833333,16,9.936674,33.14517672
412,137.0166667,16,10.17497,33.94004662
413,137.35,14,10.17138,33.92807167
414,137.6833333,16,9.895119,33.00656416
415,138.0166667,16,9.903278,33.03377966
416,138.35,14,9.953825,33.2023863
417,138.6833333,15,10.34558,34.50914032
418,139.0166667,16,9.910795,33.05885367
419,139.35,16,9.885035,32.97292756
420,139.6833333,16,9.91915,33.08672295
421,140.0166667,16,10.16376,33.90265408
422,140.35,14,10.14212,33.83047081
423,140.6833333,16,9.881026,32.95955497
424,141.0166667,16,9.884698,32.97180345
425,141.35,14,9.933038,33.13304833
426,141.6833333,17,10.4265,34.77906039
427,142.0166667,16,9.890111,32.98985927
428,142.35,16,9.86406,32.90296249
429,142.6833333,16,9.892015,32.99621033
430,143.0166667,16,10.15671,33.87913781
431,143.35,17,10.4394,34.82209015
432,143.6833333,16,9.862626,32.89817918
433,144.0166667,16,9.864122,32.9031693
434,144.35,14,9.910694,33.05851677
435,144.6833333,17,10.41291,34.73372903
436,145.0166667,16,9.878375,32.95071219
437,145.35,16,9.853486,32.86769142
438,145.6833333,16,9.88338,32.96740707
439,146.0166667,16,10.15769,33.88240674
440,146.35,17,10.41878,34.75330924
441,146.6833333,16,9.852861,32.86560665
442,147.0166667,16,9.853567,32.86796161
443,147.35,14,9.869785,32.92205903
444,147.6833333,17,10.39851,34.6856958
445,148.0166667,16,9.864163,32.90330606
446,148.35,16,9.836945,32.81251658
447,148.6833333,16,9.867434,32.91421694
448,149.0166667,16,9.970892,33.25931568
449,149.35,17,10.39602,34.67739005
450,149.6833333,16,9.842766,32.83193335
451,150.0166667,16,9.841831,32.82881453
452,150.35,16,9.898564,33.01805544
453,150.6833333,17,10.383,34.63396
454,151.0166667,16,9.862107,32.89644798
455,151.35,16,9.834157,32.80321682
456,151.6833333,16,9.86297,32.89932664
457,152.0166667,16,9.966729,33.24542941
458,152.35,16,9.893931,33.00260142
459,152.6833333,16,9.839432,32.82081232
460,153.0166667,16,9.837341,32.8138375
461,153.35,16,9.892311,32.99719768
462,153.6833333,17,10.36805,34.58409217
463,154.0166667,16,9.857379,32.88067707
464,154.35,16,9.825344,32.77381981
465,154.6833333,16,9.850616,32.85811813
466,155.0166667,16,9.954552,33.20481131
467,155.35,17,10.37219,34.59790173
468,155.6833333,16,9.832549,32.79785311
469,156.0166667,16,9.831236,32.79347341
470,156.35,16,9.881574,32.9613829
471,156.6833333,17,10.36144,34.56204359
472,157.0166667,16,9.85887,32.88565051
473,157.35,16,9.82935,32.78718239
474,157.6833333,16,9.857501,32.88108402
475,158.0166667,16,9.956725,33.21205966
476,158.35,17,10.37013,34.59103031
477,158.6833333,16,9.838445,32.81752005
478,159.0166667,16,9.835198,32.80668922
479,159.35,16,9.876109,32.94315363
480,159.6833333,17,10.35676,34.54643279
481,160.0166667,16,9.8577,32.88174781
482,160.35,16,9.826496,32.77766247
483,160.6833333,16,9.847622,32.84813122
484,161.0166667,16,9.950439,33.19109182
485,161.35,17,10.36296,34.56711376
486,161.6833333,16,9.839874,32.82228668
487,162.0166667,16,9.834864,32.80557512
488,162.35,16,9.87289,32.9324162
489,162.6833333,17,10.35825,34.55140289
490,163.0166667,16,9.868287,32.91706224
491,163.35,16,9.836275,32.8102817
492,163.6833333,16,9.852126,32.86315495
493,164.0166667,16,9.959293,33.22062558
494,164.35,17,10.3669,34.58025619
495,164.6833333,16,9.848464,32.85093983
496,165.0166667,16,9.843338,32.83384134
497,165.35,16,9.877771,32.94869746
498,165.6833333,16,9.999846,33.35589583
499,166.0166667,16,9.880423,32.95754358
500,166.35,16,9.84243,32.83081258
501,166.6833333,16,9.85187,32.86230103
502,167.0166667,16,9.917684,33.0818329
503,167.35,17,10.36929,34.58822837
504,167.6833333,16,9.857071,32.87964969
505,168.0166667,16,9.846704,32.8450691
506,168.35,16,9.882163,32.9633476
507,168.6833333,16,10.00566,33.37528925
508,169.0166667,16,9.892586,32.99811498
509,169.35,16,9.856507,32.87776839
510,169.6833333,16,9.863766,32.90198181
511,170.0166667,16,9.924592,33.10487551
512,170.35,17,10.38317,34.63452706
513,170.6833333,16,9.874669,32.9383503
514,171.0166667,16,9.858673,32.88499339
515,171.35,16,9.89208,32.99642715
516,171.6833333,16,10.02312,33.43352954
517,172.0166667,17,10.40683,34.71344833
518,172.35,16,9.865801,32.90876984
519,172.6833333,16,9.87369,32.93508471
520,173.0166667,16,9.92693,33.11267424
521,173.35,17,10.39463,34.67275351
522,173.6833333,16,9.888399,32.98414865
523,174.0166667,16,9.869875,32.92235924
524,174.35,16,9.901669,33.02841261
525,174.6833333,16,10.0406,33.49183654
526,175.0166667,17,10.42595,34.77722578
527,175.35,16,9.883285,32.96709019
528,175.6833333,16,9.893649,33.00166077
529,176.0166667,16,9.943641,33.16841613
530,176.35,17,10.41641,34.74540377
531,176.6833333,16,9.907647,33.04835307
532,177.0166667,16,9.890007,32.98951236
533,177.35,16,9.914336,33.07066517
534,177.6833333,16,10.05731,33.5475751
535,178.0166667,14,10.43411,34.80444461
536,178.35,16,9.898019,33.01623752
537,178.6833333,16,9.904186,33.03680842
538,179.0166667,16,9.954697,33.20529498
539,179.35,17,10.43557,34.80931465
540,179.6833333,14,10.3322,34.46450944
541,180.0166667,16,9.908397,33.0508548
542,180.35,16,9.932049,33.12974938
543,180.6833333,16,10.08191,33.62963187
544,181.0166667,14,10.40778,34.71661719
545,181.35,16,9.922388,33.09752375
546,181.6833333,16,9.925954,33.10941865
547,182.0166667,16,9.974323,33.27076027
548,182.35,17,10.4657,34.90981751
549,182.6833333,14,10.30247,34.36534084
550,183.0166667,16,9.929317,33.12063641
551,183.35,16,9.953348,33.2007952
552,183.6833333,16,10.11162,33.72873376
553,184.0166667,14,10.38303,34.63406007
554,184.35,14,10.22361,34.10229219
555,184.6833333,16,9.942127,33.16336597
556,185.0166667,16,9.991646,33.32854358
557,185.35,14,10.46567,34.90971744
558,185.6833333,14,10.27391,34.27007493
559,186.0166667,16,9.947415,33.18100484
560,186.35,16,9.973282,33.26728786
561,186.6833333,16,10.06066,33.5587495
562,187.0166667,14,10.34788,34.51681229
563,187.35,14,10.18406,33.97036759
564,187.6833333,16,9.96819,33.25030278
565,188.0166667,16,10.01265,33.39860538
566,188.35,14,10.4385,34.81908808
567,188.6833333,14,10.24465,34.17247408
568,189.0166667,16,9.953051,33.19980451
569,189.35,16,9.970121,33.2567439
570,189.6833333,14,10.0331,33.46681924
571,190.0166667,14,10.31737,34.41504189
572,190.35,16,9.947566,33.18150852
573,190.6833333,16,9.94421,33.17031411
574,191.0166667,16,9.983725,33.30212196
575,191.35,16,10.19825,34.01770034
576,191.6833333,14,10.20741,34.04825481
577,192.0166667,16,9.937054,33.14644426
578,192.35,16,9.946958,33.17948045
579,192.6833333,14,10.00091,33.35944495
580,193.0166667,14,10.29101,34.32711439
581,193.35,16,9.934532,33.13803178
582,193.6833333,16,9.926903,33.11258417
583,194.0166667,16,9.9654,33.24099634
584,194.35,16,10.18165,33.9623287
585,194.6833333,14,10.17268,33.932408
586,195.0166667,16,9.914605,33.07156246
587,195.35,16,9.923885,33.10251721
588,195.6833333,14,9.972722,33.26541991
589,196.0166667,14,10.26508,34.24062122
590,196.35,16,9.916326,33.0773031
591,196.6833333,16,9.902539,33.03131462
592,197.0166667,16,9.937778,33.14885927
593,197.35,16,10.17799,33.95012025
594,197.6833333,14,10.14614,33.84388009
595,198.0166667,16,9.89826,33.01704141
596,198.35,16,9.908909,33.05256265
597,198.6833333,14,9.947695,33.18193882
598,199.0166667,14,10.22576,34.10946382
599,199.35,16,9.905133,33.03996727
600,199.6833333,16,9.890272,32.99039631
601,200.0166667,16,9.925356,33.10742394
602,200.35,16,10.16741,33.91482917
603,200.6833333,14,10.12775,33.78253765
604,201.0166667,16,9.878814,32.95217654
605,201.35,16,9.890547,32.99131361
606,201.6833333,14,9.9188,33.08555547
607,202.0166667,17,10.40978,34.72328847
608,202.35,16,9.886975,32.9793987
609,202.6833333,16,9.872608,32.93147555
610,203.0166667,16,9.901999,33.02951337
611,203.35,16,10.16335,33.90128647
612,203.6833333,16,9.91048,33.05780294
613,204.0166667,16,9.869316,32.92049462
614,204.35,16,9.876548,32.94461797
615,204.6833333,14,9.90514,33.03999062
616,205.0166667,17,10.39704,34.6807924
617,205.35,16,9.880207,32.95682308
618,205.6833333,16,9.862475,32.8976755
619,206.0166667,14,9.879198,32.95345742
620,206.35,16,10.16609,33.91042613
621,206.6833333,16,9.901706,33.02853603
622,207.0166667,16,9.857736,32.8818679
623,207.35,16,9.85495,32.8725748
624,207.6833333,14,9.890837,32.99228095
625,208.0166667,17,10.38229,34.6315917
626,208.35,16,9.867943,32.91591478
627,208.6833333,16,9.843351,32.8338847
628,209.0166667,16,9.865746,32.90858638
629,209.35,16,10.16898,33.92006613
630,209.6833333,16,9.89661,33.0115376
631,210.0166667,16,9.852512,32.86444251
632,210.35,16,9.845575,32.84130317
633,210.6833333,16,9.895355,33.00735137
634,211.0166667,17,10.37664,34.61274533
635,211.35,16,9.870357,32.92396702
636,211.6833333,16,9.837896,32.81568878
637,212.0166667,16,9.856258,32.87693782
638,212.35,16,9.959405,33.22099918
639,212.6833333,16,9.894894,33.00581364
640,213.0166667,16,9.841228,32.82680313
641,213.35,16,9.831675,32.79493776
642,213.6833333,16,9.882155,32.96332091
643,214.0166667,17,10.36839,34.58522629
644,214.35,16,9.86007,32.88965328
645,214.6833333,16,9.826088,32.77630153
646,215.0166667,16,9.845104,32.83973208
647,215.35,16,9.950864,33.19250947
648,215.6833333,16,9.899552,33.02135106
649,216.0166667,16,9.838055,32.81621915
650,216.35,16,9.828922,32.78575474
651,216.6833333,16,9.88115,32.95996859
652,217.0166667,17,10.37174,34.59640069
653,217.35,16,9.86791,32.91580471
654,217.6833333,16,9.826022,32.77608138
655,218.0166667,16,9.843328,32.83380798
656,218.35,16,9.952534,33.19807999
657,218.6833333,17,10.38709,34.64760278
658,219.0166667,16,9.836629,32.81146252
659,219.35,16,9.823392,32.76730864
660,219.6833333,16,9.872146,32.92993448
661,220.0166667,17,10.37229,34.59823529
662,220.35,16,9.860246,32.89024035
663,220.6833333,16,9.821373,32.76057398
664,221.0166667,16,9.842217,32.83010208
665,221.35,16,9.958117,33.21670287
666,221.6833333,17,10.38167,34.6295236
667,222.0166667,16,9.837638,32.81482818
668,222.35,16,9.828951,32.78585147
669,222.6833333,16,9.876795,32.94544188
670,223.0166667,17,10.37918,34.62121786
671,223.35,16,9.866824,32.9121822
672,223.6833333,16,9.828242,32.7834865
673,224.0166667,16,9.849051,32.85289785
674,224.35,16,9.967344,33.24748083
675,224.6833333,17,10.38128,34.6282227
676,225.0166667,16,9.840917,32.82576575
677,225.35,16,9.833725,32.80177582
678,225.6833333,16,9.878923,32.95254012
679,226.0166667,17,10.37709,34.61424637
680,226.35,16,9.869729,32.92187224
681,226.6833333,16,9.831893,32.79566493
682,227.0166667,16,9.853453,32.86758135
683,227.35,16,9.972571,33.26491622
684,227.6833333,17,10.38538,34.64189883
685,228.0166667,16,9.852704,32.86508295
686,228.35,16,9.844775,32.83863465
687,228.6833333,16,9.896479,33.01110063
688,229.0166667,16,10.03491,33.47285675
689,229.35,16,9.88772,32.98188375
690,229.6833333,16,9.847657,32.84824797
691,230.0166667,16,9.867229,32.91353313
692,230.35,16,9.988475,33.31796626
693,230.6833333,17,10.39335,34.66848389
694,231.0166667,16,9.860576,32.89134112
695,231.35,16,9.854423,32.87081692
696,231.6833333,16,9.901012,33.02622109
697,232.0166667,16,10.04217,33.4970735
698,232.35,17,10.41281,34.73339546
699,232.6833333,16,9.858617,32.8848066
700,233.0166667,16,9.875155,32.93997143
701,233.35,16,9.932638,33.13171407
702,233.6833333,17,10.4029,34.70033926
703,234.0166667,16,9.880671,32.95837082
704,234.35,16,9.871705,32.92846346
705,234.6833333,16,9.914094,33.06985795
706,235.0166667,16,10.05905,33.55337912
707,235.35,17,10.42702,34.78079492
708,235.6833333,16,9.879588,32.95475832
709,236.0166667,16,9.894595,33.00481629
710,236.35,16,9.955528,33.2080669
711,236.6833333,17,10.41845,34.75220848
712,237.0166667,16,9.898625,33.01825892
713,237.35,16,9.889011,32.98619007
714,237.6833333,16,9.923015,33.0996152
715,238.0166667,16,10.07896,33.61979173
716,238.35,14,10.42022,34.75811256
717,238.6833333,16,9.895591,33.00813858
718,239.0166667,16,9.910705,33.05855346
719,239.35,16,9.963742,33.23546585
720,239.6833333,17,10.43815,34.8179206
721,240.0166667,14,10.31747,34.41537545
722,240.35,16,9.91117,33.06010453
723,240.6833333,16,9.945122,33.17335622
724,241.0166667,16,10.09399,33.66992641
725,241.35,14,10.41079,34.72665747
726,241.6833333,14,10.25891,34.22004032
727,242.0166667,16,9.92619,33.11020586
728,242.35,16,9.968328,33.2507631
729,242.6833333,16,10.13935,33.82123109
730,243.0166667,14,10.32312,34.43422182
731,243.35,16,9.931207,33.12694077
732,243.6833333,16,9.952675,33.19855031
733,244.0166667,16,10.01936,33.42098753
734,244.35,14,10.40814,34.71781802
735,244.6833333,14,10.22745,34.11510105
736,245.0166667,16,9.945881,33.17588797
737,245.35,16,9.989597,33.32170885
738,245.6833333,16,10.16441,33.90482225
739,246.0166667,14,10.29356,34.33562028
740,246.35,14,10.1519,33.86309338
741,246.6833333,16,9.972828,33.26577348
742,247.0166667,16,10.03341,33.46785328
743,247.35,14,10.40593,34.71044625
744,247.6833333,14,10.21476,34.07277177
745,248.0166667,16,9.957973,33.21622254
746,248.35,16,9.997954,33.3495848
747,248.6833333,16,10.17714,33.94728496
748,249.0166667,14,10.26994,34.25683244
749,249.35,16,9.943037,33.1664014
750,249.6833333,16,9.959722,33.22205657
751,250.0166667,16,10.01533,33.4075449
752,250.35,14,10.3597,34.55623957
753,250.6833333,14,10.19208,33.99711943
754,251.0166667,16,9.937431,33.1477018
755,251.35,16,9.971347,33.2608334
756,251.6833333,16,10.15009,33.85705587
757,252.0166667,14,10.26505,34.24052115
758,252.35,16,9.931318,33.12731103
759,252.6833333,16,9.937841,33.14906941
760,253.0166667,14,9.986553,33.31155516
761,253.35,14,10.346,34.51054129
762,253.6833333,14,10.16662,33.91219402
763,254.0166667,16,9.914647,33.07170256
764,254.35,16,9.941911,33.16264547
765,254.6833333,14,9.986485,33.31132833
766,255.0166667,14,10.24243,34.16506896
767,255.35,16,9.910078,33.05646201
768,255.6833333,16,9.910355,33.05738599
769,256.0166667,14,9.960429,33.22441487
770,256.35,16,10.19046,33.9917157
771,256.6833333,14,10.15087,33.85965767
772,257.0166667,16,9.897539,33.01463641
773,257.35,16,9.928877,33.11916873
774,257.6833333,14,9.958679,33.2185775
775,258.0166667,14,10.22125,34.09442008
776,258.35,16,9.898141,33.01664447
777,258.6833333,16,9.898306,33.01719485
778,259.0166667,14,9.935471,33.14116394
779,259.35,16,10.18585,33.97633839
780,259.6833333,16,9.909292,33.0538402
781,260.0166667,16,9.880077,32.95638945
782,260.35,16,9.903867,33.03574435
783,260.6833333,14,9.941092,33.15991358
784,261.0166667,17,10.41842,34.75210841
785,261.35,16,9.880628,32.95822739
786,261.6833333,16,9.879004,32.95281031
787,262.0166667,14,9.908277,33.05045452
788,262.35,16,10.17295,33.93330862
789,262.6833333,16,9.900719,33.02524375
790,263.0166667,16,9.868797,32.91876342
791,263.35,16,9.887084,32.97976229
792,263.6833333,14,9.92302,33.09963188
793,264.0166667,17,10.40131,34.69503559
794,264.35,16,9.873026,32.93286985
795,264.6833333,16,9.868768,32.91866669
796,265.0166667,14,9.888013,32.9828611
797,265.35,16,10.17038,33.92473603
798,265.6833333,16,9.889492,32.98779451
799,266.0166667,16,9.859804,32.888766
800,266.35,16,9.863508,32.90112121
801,266.6833333,14,9.883677,32.96839776
802,267.0166667,17,10.37861,34.61931654
803,267.35,16,9.866576,32.91135496
804,267.6833333,16,9.849444,32.85420876
805,268.0166667,14,9.872333,32.93055825
806,268.35,16,10.15503,33.87353394
807,268.6833333,16,9.895685,33.00845213
808,269.0166667,16,9.854309,32.87043665
809,269.35,16,9.853668,32.86829851
810,269.6833333,16,9.899752,33.02201819
811,270.0166667,17,10.36906,34.58746117
812,270.35,16,9.867155,32.9132863
813,270.6833333,16,9.844949,32.83921505
814,271.0166667,16,9.867256,32.9136232
815,271.35,16,9.95683,33.2124099
816,271.6833333,16,9.896868,33.0123982
817,272.0166667,16,9.846972,32.84596306
818,272.35,16,9.842706,32.83173321
819,272.6833333,16,9.881923,32.96254704
820,273.0166667,17,10.3554,34.54189631
821,273.35,16,9.869711,32.9218122
822,273.6833333,16,9.83392,32.80242627
823,274.0166667,16,9.851188,32.86002612
824,274.35,16,9.943743,33.16875637
825,274.6833333,16,9.898046,33.01632758
826,275.0166667,16,9.844093,32.83635975
827,275.35,16,9.838248,32.81686292
828,275.6833333,16,9.873988,32.93607873
829,276.0166667,17,10.35311,34.5342577
830,276.35,16,9.870305,32.92379357
831,276.6833333,16,9.836579,32.81129574
832,277.0166667,16,9.847814,32.84877167
833,277.35,16,9.942141,33.16341267
834,277.6833333,17,10.36718,34.58119016
835,278.0166667,16,9.844547,32.83787413
836,278.35,16,9.832288,32.7969825
837,278.6833333,16,9.86774,32.91523765
838,279.0166667,17,10.35019,34.52451762
839,279.35,16,9.865592,32.90807269
840,279.6833333,16,9.832561,32.79789313
841,280.0166667,16,9.838542,32.8178436
842,280.35,16,9.934958,33.13945276
843,280.6833333,17,10.36684,34.58005605
844,281.0166667,16,9.848374,32.85063962
845,281.35,16,9.830965,32.79256945
846,281.6833333,16,9.865906,32.90912008
847,282.0166667,16,10.27941,34.28842096
848,282.35,16,9.875868,32.94234974
849,282.6833333,16,9.837741,32.81517175
850,283.0166667,16,9.844658,32.83824438
851,283.35,16,9.919526,33.08797715
852,283.6833333,17,10.37507,34.60750837
853,284.0166667,16,9.856603,32.87808861
854,284.35,16,9.8323,32.79702253
855,284.6833333,16,9.865956,32.90928686
856,285.0166667,17,10.36405,34.57074961
857,285.35,16,9.881485,32.96108603
858,285.6833333,16,9.836394,32.81067865
859,286.0166667,16,9.843534,32.83449512
860,286.35,16,9.924353,33.10407829
861,286.6833333,17,10.38522,34.64136513
862,287.0166667,16,9.859102,32.88642438
863,287.35,16,9.839042,32.81951142
864,287.6833333,16,9.873054,32.93296324
865,288.0166667,16,10.0147,33.40544344
866,288.35,16,9.895641,33.00830537
867,288.6833333,16,9.847876,32.84897848
868,289.0166667,16,9.854336,32.87052672
869,289.35,16,9.943211,33.16698181
870,289.6833333,17,10.40169,34.69630313
871,290.0166667,16,9.866121,32.90983724
872,290.35,16,9.846417,32.84411178
873,290.6833333,16,9.882291,32.96377456
874,291.0166667,16,10.02845,33.4513085
875,291.35,17,10.42592,34.77712571
876,291.6833333,16,9.855649,32.87490641
877,292.0166667,16,9.862452,32.89759878
878,292.35,16,9.949123,33.18670212
879,292.6833333,17,10.41679,34.74667131
880,293.0166667,16,9.878191,32.95009843
881,293.35,16,9.859571,32.8879888
882,293.6833333,16,9.900809,33.02554396
883,294.0166667,16,10.05419,33.5371679
884,294.35,17,10.44017,34.8246586
885,294.6833333,16,9.871623,32.92818994
886,295.0166667,16,9.880239,32.95692982
887,295.35,16,9.946746,33.1787733
888,295.6833333,17,10.43118,34.79467119
889,296.0166667,16,9.895195,33.00681767
890,296.35,16,9.874075,32.93636893
891,296.6833333,16,9.912842,33.06568173
892,297.0166667,16,10.07478,33.60584875
893,297.35,17,10.44764,34.84957584
894,297.6833333,16,9.883245,32.96695676
895,298.0166667,16,9.894283,33.00377557
896,298.35,16,9.96017,33.22355094
897,298.6833333,17,10.44561,34.84280448
898,299.0166667,14,10.33095,34.46033989
899,299.35,16,9.894112,33.00320517
900,299.6833333,16,9.93627,33.14382912
901,300.0166667,16,10.09144,33.66142053
902,300.35,14,10.41203,34.73079366
903,300.6833333,16,9.907416,33.04758254
904,301.0166667,16,9.920287,33.09051557
905,301.35,16,9.984816,33.30576115
906,301.6833333,17,10.46692,34.91388699
907,302.0166667,14,10.30397,34.3703443
908,302.35,16,9.916486,33.0778368
909,302.6833333,16,9.955853,33.20915098
910,303.0166667,16,10.12464,33.77216381
911,303.35,14,10.36551,34.57561964
912,303.6833333,14,10.19736,34.01473162
913,304.0166667,16,9.941092,33.15991358
914,304.35,16,10.00223,33.363848
915,304.6833333,14,10.47261,34.93286679
916,305.0166667,14,10.25456,34.20553028
917,305.35,16,9.942264,33.16382295
918,305.6833333,16,9.983762,33.30224538
919,306.0166667,16,10.14966,33.85562154
920,306.35,14,10.34039,34.49182834
921,306.6833333,14,10.16867,33.91903208
922,307.0166667,16,9.965405,33.24101302
923,307.35,16,10.0206,33.42512372
924,307.6833333,16,10.23046,34.12514133
925,308.0166667,14,10.22116,34.09411987
926,308.35,16,9.942077,33.16319919
927,308.6833333,16,9.971395,33.26099351
928,309.0166667,16,10.15975,33.88927816
929,309.35,14,10.30395,34.37027759
930,309.6833333,14,10.13597,33.80995662
931,310.0166667,16,9.94202,33.16300906
932,310.35,16,9.993162,33.33360041
933,310.6833333,16,10.21604,34.07704139
934,311.0166667,14,10.20126,34.02774062
935,311.35,16,9.92899,33.11954566
936,311.6833333,16,9.957372,33.21421782
937,312.0166667,16,10.15355,33.86859719
938,312.35,14,10.28035,34.29155646
939,312.6833333,16,9.928211,33.11694719
940,313.0166667,16,9.926583,33.11151677
941,313.35,16,9.972266,33.26389885
942,313.6833333,16,10.20453,34.03864816
943,314.0166667,14,10.16739,33.91476246
944,314.35,16,9.910211,33.05690565
945,314.6833333,16,9.930513,33.12462584
946,315.0166667,14,9.993094,33.33337358
947,315.35,14,10.25018,34.19092017
948,315.6833333,16,9.910984,33.0594841
949,316.0166667,16,9.903622,33.03492712
950,316.35,16,9.951705,33.19531474
951,316.6833333,16,10.19878,34.01946823
952,317.0166667,14,10.14603,33.84351317
953,317.35,16,9.894287,33.00378891
954,317.6833333,16,9.911743,33.06201586
955,318.0166667,14,9.957645,33.21512845
956,318.35,14,10.23099,34.12690922
957,318.6833333,16,9.895491,33.00780502
958,319.0166667,16,9.883992,32.96944848
959,319.35,16,9.931859,33.12911561
960,319.6833333,16,10.18764,33.98230919
961,320.0166667,14,10.12513,33.77379827
962,320.35,16,9.871976,32.92936742
963,320.6833333,16,9.889815,32.98887192
964,321.0166667,14,9.933269,33.13381886
965,321.35,17,10.42969,34.78970108
966,321.6833333,16,9.880353,32.95731009
967,322.0166667,16,9.867644,32.91491743
968,322.35,14,9.908426,33.05095154
969,322.6833333,16,10.18224,33.96429673
970,323.0166667,16,9.901339,33.02731185
971,323.35,16,9.860777,32.89201158
972,323.6833333,16,9.879833,32.95557555
973,324.0166667,14,9.913943,33.06935427
974,324.35,17,10.41017,34.72458937
975,324.6833333,16,9.867021,32.91283932
976,325.0166667,16,9.855568,32.87463623
977,325.35,14,9.882927,32.96589603
978,325.6833333,16,10.17811,33.95052053
979,326.0166667,16,9.892006,32.99618031
980,326.35,16,9.846256,32.84357474
981,326.6833333,16,9.862534,32.8978723
982,327.0166667,16,9.94933,33.18739259
983,327.35,17,10.38912,34.65437413
984,327.6833333,16,9.856566,32.8779652
985,328.0166667,16,9.843649,32.83487872
986,328.35,14,9.863946,32.90258223
987,328.6833333,16,10.16848,33.91839831
988,329.0166667,16,9.884036,32.96959525
989,329.35,16,9.843509,32.83441173
990,329.6833333,16,9.857006,32.87943288
991,330.0166667,16,9.920086,33.08984511
992,330.35,17,10.37416,34.60447294
993,330.6833333,16,9.856403,32.87742149
994,331.0166667,16,9.837501,32.8143712
995,331.35,16,9.870082,32.92304972
996,331.6833333,16,9.972038,33.26313833
997,332.0166667,16,9.87928,32.95373094
998,332.35,16,9.836052,32.80953786
999,332.6833333,16,9.842652,32.83155309