Time (seconds),Time (minutes),Path Length,Distance,Time of Signal (milliseconds)
1,0.01666666667,14,10.42658,34.77932724
2,0.03333333333,14,10.42299,34.76735229
3,0.05,14,10.41284,34.73349553
4,0.06666666667,14,10.40276,34.69987227
5,0.08333333333,14,10.3931,34.66764998
6,0.1,14,10.3838,34.63662852
7,0.1166666667,14,10.37466,34.60614076
8,0.1333333333,14,10.36543,34.57535279
9,0.15,14,10.35676,34.54643279
10,0.1666666667,14,10.34824,34.51801312
11,0.1833333333,14,10.33981,34.48989367
12,0.2,14,10.33163,34.46260813
13,0.2166666667,14,10.32377,34.43638999
14,0.2333333333,14,10.31588,34.41007178
15,0.25,14,10.30842,34.3851879
16,0.2666666667,14,10.3011,34.36077101
17,0.2833333333,16,9.919401,33.08756019
18,0.3,16,9.917524,33.0812992
19,0.3166666667,16,9.915734,33.0753284
20,0.3333333333,16,9.914156,33.07006476
21,0.35,16,9.912758,33.06540153
22,0.3666666667,16,9.91147,33.06110523
23,0.3833333333,16,9.910334,33.05731594
24,0.4,16,9.909365,33.0540837
25,0.4166666667,16,9.908552,33.05137183
26,0.4333333333,16,9.907858,33.04905689
27,0.45,16,9.907335,33.04731235
28,0.4666666667,16,9.906955,33.04604481
29,0.4833333333,16,9.906727,33.04528428
30,0.5,16,9.906646,33.04501409
31,0.5166666667,16,9.906707,33.04521757
32,0.5333333333,16,9.906916,33.04591472
33,0.55,16,9.907288,33.04715558
34,0.5666666667,16,9.907789,33.04882673
35,0.5833333333,16,9.908422,33.05093819
36,0.6,16,9.909255,33.05371678
37,0.6166666667,16,9.910189,33.05683227
38,0.6333333333,16,9.911265,33.06042142
39,0.65,16,9.912205,33.06355692
40,0.6666666667,16,9.913248,33.067036
41,0.6833333333,16,9.914509,33.07124224
42,0.7,16,9.915822,33.07562194
43,0.7166666667,16,9.917356,33.08073881
44,0.7333333333,16,9.919054,33.08640273
45,0.75,16,9.920787,33.09218339
46,0.7666666667,16,9.92277,33.09879797
47,0.7833333333,16,9.924903,33.10591289
48,0.8,16,9.927025,33.11299112
49,0.8166666667,16,9.92945,33.12108005
50,0.8333333333,16,9.931987,33.12954257
51,0.85,16,9.933852,33.13576354
52,0.8666666667,16,9.935745,33.14207791
53,0.8833333333,16,9.937697,33.14858908
54,0.9,16,9.939912,33.15597753
55,0.9166666667,16,9.942142,33.16341601
56,0.9333333333,16,9.944666,33.17183516
57,0.95,16,9.947234,33.18040109
58,0.9666666667,16,9.950118,33.19002108
59,0.9833333333,16,9.95299,33.19960104
60,1,16,9.956147,33.21013166
61,1.016666667,16,9.959476,33.22123601
62,1.033333333,16,9.96277,33.23222361
63,1.05,16,9.966347,33.24415519
64,1.066666667,16,9.969693,33.25531625
65,1.083333333,16,9.973141,33.26681754
66,1.1,16,9.976929,33.27945295
67,1.116666667,16,9.98065,33.29186487
68,1.133333333,16,9.990951,33.3262253
69,1.15,16,9.995151,33.340235
70,1.166666667,16,10.0678,33.58256598
71,1.183333333,16,10.07318,33.60051172
72,1.2,16,10.07847,33.61815727
73,1.216666667,16,10.08421,33.63730384
74,1.233333333,16,10.08973,33.65571658
75,1.25,16,10.09563,33.67539686
76,1.266666667,16,10.10176,33.69584434
77,1.283333333,16,10.10782,33.71605833
78,1.3,16,10.11422,33.73740643
79,1.316666667,16,10.12066,33.75888796
80,1.333333333,16,10.12733,33.78113668
81,1.35,17,10.44534,34.84190386
82,1.366666667,17,10.44573,34.84320476
83,1.383333333,17,10.44633,34.84520615
84,1.4,17,10.4471,34.84777459
85,1.416666667,17,10.44808,34.85104352
86,1.433333333,17,10.44928,34.85504629
87,1.45,17,10.4506,34.85944933
88,1.466666667,14,10.44715,34.84794137
89,1.483333333,14,10.43622,34.81148282
90,1.5,14,10.42603,34.77749263
91,1.516666667,14,10.41586,34.74356917
92,1.533333333,14,10.40529,34.70831144
93,1.55,14,10.39534,34.67512181
94,1.566666667,14,10.38575,34.64313302
95,1.583333333,14,10.37636,34.61181135
96,1.6,14,10.36696,34.58045632
97,1.616666667,14,10.35813,34.55100261
98,1.633333333,14,10.34889,34.52018129
99,1.65,14,10.34019,34.49116122
100,1.666666667,14,10.33151,34.46220785
101,1.683333333,14,10.32326,34.43468881
102,1.7,14,10.31511,34.40750334
103,1.716666667,14,10.30715,34.38095164
104,1.733333333,14,10.29956,34.35563412
105,1.75,14,10.29205,34.33058346
106,1.766666667,14,10.28496,34.30693377
107,1.783333333,14,10.27781,34.28308393
108,1.8,14,10.27057,34.25893389
109,1.816666667,14,10.26386,34.23655174
110,1.833333333,14,10.25761,34.21570399
111,1.85,16,9.922036,33.09634961
112,1.866666667,16,9.920839,33.09235685
113,1.883333333,16,9.919745,33.08870766
114,1.9,16,9.918859,33.08575228
115,1.916666667,16,9.918117,33.08327723
116,1.933333333,16,9.917517,33.08127585
117,1.95,16,9.917065,33.07976814
118,1.966666667,16,9.916761,33.0787541
119,1.983333333,16,9.916603,33.07822707
120,2,16,9.916598,33.07821039
121,2.016666667,16,9.916741,33.07868739
122,2.033333333,16,9.91703,33.07965139
123,2.05,16,9.917473,33.08112908
124,2.066666667,16,9.918063,33.08309711
125,2.083333333,16,9.918783,33.08549877
126,2.1,16,9.919672,33.08846415
127,2.116666667,16,9.920685,33.09184316
128,2.133333333,16,9.921835,33.09567914
129,2.15,16,9.922937,33.09935502
130,2.166666667,16,9.924097,33.10322436
131,2.183333333,16,9.925402,33.10757738
132,2.2,16,9.926781,33.11217722
133,2.216666667,16,9.928439,33.11770772
134,2.233333333,16,9.930111,33.12328491
135,2.25,16,9.931927,33.12934243
136,2.266666667,16,9.934011,33.13629391
137,2.283333333,16,9.936152,33.14343552
138,2.3,16,9.937545,33.14808206
139,2.316666667,16,9.93901,33.15296878
140,2.333333333,16,9.940662,33.15847926
141,2.35,16,9.942373,33.16418654
142,2.366666667,16,9.944336,33.1707344
143,2.383333333,16,9.946463,33.17782931
144,2.4,16,9.948721,33.18536119
145,2.416666667,16,9.951213,33.1936736
146,2.433333333,16,9.953774,33.20221618
147,2.45,16,9.956551,33.21147926
148,2.466666667,16,9.959296,33.22063559
149,2.483333333,16,9.962393,33.23096607
150,2.5,16,9.965599,33.24166014
151,2.516666667,16,9.96898,33.25293794
152,2.533333333,16,9.972326,33.26409899
153,2.55,16,9.975679,33.2752834
154,2.566666667,16,9.978979,33.28629101
155,2.583333333,16,9.982618,33.29842941
156,2.6,16,9.986392,33.31101812
157,2.616666667,16,9.99044,33.32452079
158,2.633333333,16,10.00145,33.3612462
159,2.65,16,10.00586,33.37595638
160,2.666666667,16,10.01015,33.39026628
161,2.683333333,16,10.08595,33.64310786
162,2.7,16,10.09149,33.66158731
163,2.716666667,16,10.0971,33.68030026
164,2.733333333,16,10.10293,33.69974704
165,2.75,16,10.1092,33.72066151
166,2.766666667,16,10.1149,33.73967467
167,2.783333333,16,10.12114,33.76048906
168,2.8,16,10.12762,33.78210402
169,2.816666667,16,10.13416,33.80391911
170,2.833333333,16,10.14079,33.82603441
171,2.85,17,10.46004,34.89093778
172,2.866666667,17,10.46046,34.89233875
173,2.883333333,17,10.46107,34.89437349
174,2.9,17,10.46186,34.89700865
175,2.916666667,17,10.46283,34.90024422
176,2.933333333,14,10.4531,34.86778844
177,2.95,14,10.44206,34.83096296
178,2.966666667,14,10.43111,34.79443769
179,2.983333333,14,10.42091,34.76041415
180,3,14,10.41021,34.72472279
181,3.016666667,14,10.40024,34.69146645
182,3.033333333,14,10.3899,34.65697593
183,3.05,14,10.38038,34.62522063
184,3.066666667,14,10.37058,34.59253134
185,3.083333333,14,10.36089,34.56020898
186,3.1,14,10.3518,34.52988801
187,3.116666667,14,10.34285,34.50003402
188,3.133333333,14,10.33375,34.46967969
189,3.15,14,10.32526,34.4413601
190,3.166666667,14,10.31696,34.41367428
191,3.183333333,14,10.30884,34.38658887
192,3.2,14,10.30081,34.35980367
193,3.216666667,14,10.29271,34.33278498
194,3.233333333,14,10.28513,34.30750082
195,3.25,14,10.2779,34.28338414
196,3.266666667,14,10.27027,34.2579332
197,3.283333333,14,10.26325,34.234517
198,3.3,14,10.25642,34.21173457
199,3.316666667,14,10.24946,34.18851851
200,3.333333333,14,10.24294,34.16677013
201,3.35,14,10.23626,34.14448805
202,3.366666667,14,10.23019,34.12424071
203,3.383333333,14,10.22383,34.10302603
204,3.4,14,10.21704,34.08037703
205,3.416666667,16,9.932465,33.13113701
206,3.433333333,16,9.931956,33.12943917
207,3.45,16,9.931578,33.12817829
208,3.466666667,16,9.931355,33.12743445
209,3.483333333,16,9.931275,33.1271676
210,3.5,16,9.931351,33.1274211
211,3.516666667,16,9.931572,33.12815828
212,3.533333333,16,9.931932,33.12935911
213,3.55,16,9.93245,33.13108697
214,3.566666667,16,9.933094,33.13323513
215,3.583333333,16,9.933925,33.13600704
216,3.6,16,9.934901,33.13926263
217,3.616666667,16,9.936002,33.14293517
218,3.633333333,16,9.936932,33.14603732
219,3.65,16,9.938006,33.14961979
220,3.666666667,16,9.939214,33.15364925
221,3.683333333,16,9.940595,33.15825577
222,3.7,16,9.942078,33.16320252
223,3.716666667,16,9.943816,33.16899987
224,3.733333333,16,9.945505,33.17463377
225,3.75,16,9.946452,33.17779262
226,3.766666667,16,9.947559,33.18148517
227,3.783333333,16,9.948812,33.18566473
228,3.8,16,9.9502,33.1902946
229,3.816666667,16,9.951824,33.19571168
230,3.833333333,16,9.953556,33.20148901
231,3.85,16,9.955446,33.20779337
232,3.866666667,16,9.957518,33.21470482
233,3.883333333,16,9.959771,33.22222002
234,3.9,16,9.962139,33.23011882
235,3.916666667,16,9.964255,33.23717703
236,3.933333333,16,9.966618,33.24505915
237,3.95,16,9.969138,33.25346497
238,3.966666667,16,9.971836,33.26246453
239,3.983333333,16,9.974644,33.27183101
240,4,16,9.977616,33.28174453
241,4.016666667,16,9.980769,33.29226181
242,4.033333333,16,9.984092,33.30334614
243,4.05,16,9.987314,33.31409358
244,4.066666667,16,9.990855,33.32590508
245,4.083333333,16,9.994647,33.33855383
246,4.1,16,9.998522,33.35147944
247,4.116666667,16,10.00251,33.36478198
248,4.133333333,16,10.0136,33.40177424
249,4.15,16,10.01814,33.41691805
250,4.166666667,16,10.0228,33.43246213
251,4.183333333,16,10.10049,33.69160808
252,4.2,16,10.10603,33.71008753
253,4.216666667,16,10.11168,33.7289339
254,4.233333333,16,10.11755,33.74851411
255,4.25,16,10.12348,33.76829446
256,4.266666667,16,10.12931,33.78774125
257,4.283333333,16,10.13545,33.80822209
258,4.3,16,10.14223,33.83083773
259,4.316666667,16,10.14837,33.85131857
260,4.333333333,16,10.15521,33.87413435
261,4.35,16,10.16213,33.89721699
262,4.366666667,17,10.47635,34.94534209
263,4.383333333,14,10.47071,34.92652907
264,4.4,14,10.45935,34.88863619
265,4.416666667,14,10.44814,34.85124366
266,4.433333333,14,10.43716,34.81461832
267,4.45,14,10.42574,34.7765253
268,4.466666667,14,10.41519,34.74133429
269,4.483333333,14,10.40499,34.70731075
270,4.5,14,10.39459,34.67262008
271,4.516666667,14,10.38401,34.637329
272,4.533333333,14,10.37424,34.60473979
273,4.55,14,10.3646,34.57258421
274,4.566666667,14,10.35476,34.5397615
275,4.583333333,14,10.34555,34.50904025
276,4.6,14,10.3367,34.47951983
277,4.616666667,14,10.32725,34.44799802
278,4.633333333,14,10.31869,34.41944493
279,4.65,14,10.3104,34.39179247
280,4.666666667,14,10.30164,34.36257226
281,4.683333333,14,10.29366,34.33595384
282,4.7,14,10.28552,34.30880172
283,4.716666667,14,10.27796,34.28358428
284,4.733333333,14,10.27013,34.25746621
285,4.75,14,10.26286,34.2332161
286,4.766666667,14,10.25549,34.20863243
287,4.783333333,14,10.24845,34.18514951
288,4.8,14,10.24104,34.16043241
289,4.816666667,14,10.23419,34.13758327
290,4.833333333,14,10.22777,34.11616846
291,4.85,14,10.22024,34.09105108
292,4.866666667,14,10.21326,34.06776831
293,4.883333333,14,10.20605,34.04371834
294,4.9,14,10.19922,34.02093591
295,4.916666667,14,10.19249,33.99848705
296,4.933333333,14,10.18606,33.97703888
297,4.95,14,10.17987,33.95639126
298,4.966666667,14,10.17413,33.93724468
299,4.983333333,16,9.944957,33.17280583
300,5,16,9.944963,33.17282585
301,5.016666667,16,9.944956,33.1728025
302,5.033333333,16,9.945094,33.17326282
303,5.05,16,9.945379,33.17421348
304,5.066666667,16,9.945816,33.17567115
305,5.083333333,16,9.946399,33.17761583
306,5.1,16,9.947123,33.18003083
307,5.116666667,16,9.94799,33.18292283
308,5.133333333,16,9.949021,33.18636188
309,5.15,16,9.950166,33.19018119
310,5.166666667,16,9.95147,33.19453086
311,5.183333333,16,9.952645,33.19845024
312,5.2,16,9.953248,33.20046163
313,5.216666667,16,9.953962,33.20284328
314,5.233333333,16,9.954868,33.20586537
315,5.25,16,9.955909,33.20933777
316,5.266666667,16,9.957165,33.21352734
317,5.283333333,16,9.958469,33.21787702
318,5.3,16,9.960087,33.22327408
319,5.316666667,16,9.961683,33.22859777
320,5.333333333,16,9.963444,33.23447183
321,5.35,16,9.965163,33.2402058
322,5.366666667,16,9.966956,33.2461866
323,5.383333333,16,9.968921,33.25274113
324,5.4,16,9.971072,33.2599161
325,5.416666667,16,9.973357,33.26753804
326,5.433333333,16,9.975782,33.27562697
327,5.45,16,9.978518,33.28475328
328,5.466666667,16,9.981237,33.29382289
329,5.483333333,16,9.984127,33.30346289
330,5.5,16,9.987165,33.31359657
331,5.516666667,16,9.99031,33.32408716
332,5.533333333,16,9.993587,33.33501805
333,5.55,16,9.997111,33.34677285
334,5.566666667,16,10.00091,33.35944495
335,5.583333333,16,10.00453,33.37151997
336,5.6,16,10.00846,33.38462904
337,5.616666667,16,10.01249,33.39807168
338,5.633333333,16,10.01689,33.4127485
339,5.65,16,10.0297,33.45547806
340,5.666666667,16,10.03416,33.47035501
341,5.683333333,16,10.03887,33.48606588
342,5.7,16,10.1208,33.75935495
343,5.716666667,16,10.1266,33.77870166
344,5.733333333,16,10.13245,33.79821516
345,5.75,16,10.13817,33.81729503
346,5.766666667,16,10.14463,33.83884327
347,5.783333333,16,10.151,33.8600913
348,5.8,16,10.15721,33.88080563
349,5.816666667,16,10.16397,33.90335457
350,5.833333333,16,10.17071,33.92583679
351,5.85,16,10.17734,33.94795209
352,5.866666667,14,10.46629,34.91178554
353,5.883333333,14,10.45441,34.87215812
354,5.9,14,10.44366,34.83629998
355,5.916666667,14,10.43259,34.79937444
356,5.933333333,14,10.42121,34.76141485
357,5.95,14,10.41004,34.72415574
358,5.966666667,14,10.39978,34.68993206
359,5.983333333,14,10.38898,34.65390714
360,6,14,10.37914,34.62108443
361,6.016666667,14,10.36936,34.58846186
362,6.033333333,14,10.35896,34.5537712
363,6.05,14,10.34968,34.52281645
364,6.066666667,14,10.34036,34.49172827
365,6.083333333,14,10.33056,34.45903899
366,6.1,14,10.32179,34.42978542
367,6.116666667,14,10.3131,34.4007987
368,6.133333333,14,10.304,34.37044437
369,6.15,14,10.29603,34.34385931
370,6.166666667,14,10.28744,34.31520616
371,6.183333333,14,10.27952,34.28878788
372,6.2,14,10.2711,34.26070178
373,6.216666667,14,10.26344,34.23515077
374,6.233333333,14,10.25539,34.20829886
375,6.25,14,10.24859,34.1856165
376,6.266666667,14,10.2408,34.15963186
377,6.283333333,14,10.23407,34.137183
378,6.3,14,10.22604,34.1103978
379,6.316666667,14,10.21785,34.0830789
380,6.333333333,14,10.21058,34.05882879
381,6.35,14,10.20293,34.03331114
382,6.366666667,14,10.19622,34.01092899
383,6.383333333,14,10.18904,33.98697909
384,6.4,14,10.18227,33.9643968
385,6.416666667,14,10.17597,33.94338226
386,6.433333333,14,10.17004,33.92360191
387,6.45,14,10.1636,33.90212038
388,6.466666667,14,10.1575,33.88177297
389,6.483333333,14,10.15229,33.86439428
390,6.5,14,10.14638,33.84468064
391,6.516666667,16,9.966124,33.24341135
392,6.533333333,16,9.966558,33.24485902
393,6.55,16,9.967133,33.24677701
394,6.566666667,16,9.955531,33.2080769
395,6.583333333,16,9.95619,33.21027509
396,6.6,16,9.956969,33.21287355
397,6.616666667,16,9.957891,33.21594901
398,6.633333333,16,9.958672,33.21855415
399,6.65,16,9.958852,33.21915457
400,6.666666667,16,9.959202,33.22032204
401,6.683333333,16,9.959721,33.22205324
402,6.7,16,9.960358,33.22417804
403,6.716666667,16,9.961209,33.22701667
404,6.733333333,16,9.962191,33.23029227
405,6.75,16,9.963267,33.23388142
406,6.766666667,16,9.964572,33.23823443
407,6.783333333,16,9.966032,33.24310447
408,6.8,16,9.967615,33.24838479
409,6.816666667,16,9.969501,33.25467581
410,6.833333333,16,9.971349,33.26084007
411,6.85,16,9.973016,33.26640058
412,6.866666667,16,9.975035,33.27313524
413,6.883333333,16,9.977037,33.2798132
414,6.9,16,9.979291,33.28733173
415,6.916666667,16,9.981584,33.29498036
416,6.933333333,16,9.984183,33.30364969
417,6.95,16,9.986728,33.31213889
418,6.966666667,16,9.989618,33.3217789
419,6.983333333,16,9.992652,33.33189923
420,7,16,9.995639,33.34186279
421,7.016666667,16,9.998942,33.35288041
422,7.033333333,16,10.00244,33.36454848
423,7.05,16,10.0058,33.37575624
424,7.066666667,16,10.00942,33.38783126
425,7.083333333,16,10.01329,33.40074019
426,7.1,16,10.01717,33.41368247
427,7.116666667,16,10.02122,33.42719182
428,7.133333333,16,10.02541,33.44116816
429,7.15,16,10.03991,33.48953495
430,7.166666667,16,10.04427,33.50407834
431,7.183333333,14,10.04726,33.51405191
432,7.2,14,10.0479,33.51618672
433,7.216666667,16,10.1407,33.8257342
434,7.233333333,16,10.14636,33.84461393
435,7.25,16,10.1526,33.86542833
436,7.266666667,16,10.15904,33.88690986
437,7.283333333,16,10.16518,33.90739069
438,7.3,16,10.17194,33.92993963
439,7.316666667,16,10.17861,33.95218835
440,7.333333333,16,10.18503,33.97360317
441,7.35,16,10.19205,33.99701936
442,7.366666667,16,10.19922,34.02093591
443,7.383333333,14,10.4434,34.83543272
444,7.4,14,10.43209,34.79770662
445,7.416666667,14,10.42071,34.75974702
446,7.433333333,14,10.40955,34.72252127
447,7.45,14,10.39922,34.6880641
448,7.466666667,14,10.38862,34.65270631
449,7.483333333,14,10.37813,34.61771543
450,7.5,14,10.36769,34.58289134
451,7.516666667,14,10.35758,34.54916801
452,7.533333333,14,10.34808,34.51747942
453,7.55,14,10.33846,34.48539056
454,7.566666667,14,10.3293,34.45483609
455,7.583333333,14,10.31951,34.42218016
456,7.6,14,10.31095,34.39362707
457,7.616666667,14,10.30214,34.36424008
458,7.633333333,14,10.29293,34.33351882
459,7.65,14,10.28454,34.3055328
460,7.666666667,14,10.27611,34.27741334
461,7.683333333,14,10.26778,34.24962745
462,7.7,14,10.26007,34.22390966
463,7.716666667,14,10.25209,34.19729125
464,7.733333333,14,10.24413,34.17073955
465,7.75,14,10.23567,34.14252002
466,7.766666667,14,10.22735,34.11476749
467,7.783333333,14,10.21915,34.08741523
468,7.8,14,10.21115,34.06073011
469,7.816666667,14,10.20385,34.03637993
470,7.833333333,14,10.19638,34.01146269
471,7.85,14,10.18901,33.98687902
472,7.866666667,14,10.182,33.96349617
473,7.883333333,14,10.17482,33.93954627
474,7.9,14,10.16831,33.91783125
475,7.916666667,14,10.1616,33.8954491
476,7.933333333,14,10.15539,33.87473477
477,7.95,14,10.14926,33.85428729
478,7.966666667,14,10.14336,33.83460701
479,7.983333333,16,9.96039,33.22428478
480,8,16,9.960472,33.2245583
481,8.016666667,16,9.960718,33.22537887
482,8.033333333,16,9.961115,33.22670312
483,8.05,16,9.961653,33.2284977
484,8.066666667,16,9.962381,33.23092604
485,8.083333333,16,9.962831,33.23242708
486,8.1,16,9.96275,33.23215689
487,8.116666667,16,9.962836,33.23244376
488,8.133333333,16,9.963094,33.23330435
489,8.15,16,9.963375,33.23424167
490,8.166666667,16,9.963922,33.23606627
491,8.183333333,16,9.964664,33.23854131
492,8.2,16,9.96555,33.24149669
493,8.216666667,16,9.966543,33.24480898
494,8.233333333,16,9.96779,33.24896852
495,8.25,16,9.969101,33.25334155
496,8.266666667,16,9.970709,33.25870526
497,8.283333333,16,9.972369,33.26424242
498,8.3,16,9.974151,33.27018654
499,8.316666667,16,9.976282,33.27729479
500,8.333333333,16,9.97825,33.28385933
501,8.35,16,9.980314,33.29074409
502,8.366666667,16,9.982537,33.29815922
503,8.383333333,16,9.984837,33.3058312
504,8.4,16,9.987223,33.31379004
505,8.416666667,16,9.989925,33.32280294
506,8.433333333,16,9.992633,33.33183585
507,8.45,16,9.995598,33.34172603
508,8.466666667,16,9.998769,33.35230335
509,8.483333333,16,10.00212,33.36348108
510,8.5,16,10.00483,33.37252067
511,8.516666667,16,10.00762,33.3818271
512,8.533333333,16,10.01057,33.39166724
513,8.55,16,10.01367,33.40200773
514,8.566666667,16,10.01679,33.41241493
515,8.583333333,16,10.02003,33.42322241
516,8.6,14,10.01998,33.42305563
517,8.616666667,14,10.01974,33.42225507
518,8.633333333,14,10.01964,33.42192151
519,8.65,14,10.0197,33.42212165
520,8.666666667,14,10.03082,33.45921397
521,8.683333333,14,10.03121,33.46051487
522,8.7,14,10.03176,33.46234948
523,8.716666667,14,10.03243,33.46458436
524,8.733333333,16,10.15271,33.86579525
525,8.75,16,10.15849,33.88507525
526,8.766666667,16,10.16438,33.90472218
527,8.783333333,16,10.17038,33.92473603
528,8.8,16,10.17647,33.94505008
529,8.816666667,16,10.18285,33.96633147
530,8.833333333,16,10.18904,33.98697909
531,8.85,16,10.1957,34.00919445
532,8.866666667,16,10.20255,34.03204359
533,8.883333333,16,10.20957,34.05545979
534,8.9,14,10.42321,34.76808613
535,8.916666667,14,10.41209,34.7309938
536,8.933333333,14,10.40096,34.69386812
537,8.95,14,10.39021,34.65800998
538,8.966666667,14,10.37958,34.62255211
539,8.983333333,14,10.36919,34.5878948
540,9,14,10.35894,34.55370448
541,9.016666667,14,10.34896,34.52041479
542,9.033333333,14,10.33917,34.48775886
543,9.05,14,10.32981,34.45653726
544,9.066666667,14,10.32034,34.42494874
545,9.083333333,14,10.31089,34.39342694
546,9.1,14,10.30212,34.36417336
547,9.116666667,14,10.29318,34.33435273
548,9.133333333,14,10.2843,34.30473224
549,9.15,14,10.27558,34.27564545
550,9.166666667,14,10.26699,34.2469923
551,9.183333333,14,10.2586,34.21900627
552,9.2,14,10.24949,34.18861858
553,9.216666667,14,10.24057,34.15886466
554,9.233333333,14,10.23164,34.12907739
555,9.25,14,10.22303,34.10035752
556,9.266666667,14,10.21445,34.07173772
557,9.283333333,14,10.20657,34.04545287
558,9.3,14,10.1984,34.01820068
559,9.316666667,14,10.19048,33.99178241
560,9.333333333,14,10.18286,33.96636482
561,9.35,14,10.17511,33.94051361
562,9.366666667,14,10.16766,33.91566308
563,9.383333333,14,10.16051,33.89181325
564,9.4,14,10.15345,33.86826362
565,9.416666667,14,10.14706,33.84694888
566,9.433333333,16,9.954695,33.20528831
567,9.45,16,9.953928,33.20272987
568,9.466666667,16,9.953329,33.20073182
569,9.483333333,16,9.952876,33.19922078
570,9.5,16,9.95259,33.19826678
571,9.516666667,16,9.952463,33.19784316
572,9.533333333,16,9.95244,33.19776644
573,9.55,16,9.952437,33.19775643
574,9.566666667,16,9.952595,33.19828346
575,9.583333333,16,9.952909,33.19933085
576,9.6,16,9.953385,33.20091862
577,9.616666667,16,9.954017,33.20302674
578,9.633333333,16,9.954773,33.20554849
579,9.65,16,9.95569,33.20860727
580,9.666666667,16,9.95683,33.2124099
581,9.683333333,16,9.958045,33.2164627
582,9.7,16,9.959433,33.22109257
583,9.716666667,16,9.960387,33.22427477
584,9.733333333,16,9.961309,33.22735024
585,9.75,16,9.962404,33.23100276
586,9.766666667,16,9.963575,33.2349088
587,9.783333333,16,9.964999,33.23965875
588,9.8,16,9.966565,33.24488236
589,9.816666667,16,9.96829,33.25063635
590,9.833333333,16,9.970183,33.25695071
591,9.85,16,9.972164,33.26355862
592,9.866666667,16,9.974368,33.27091037
593,9.883333333,16,9.976749,33.27885253
594,9.9,16,9.979197,33.28701818
595,9.916666667,16,9.981831,33.29580426
596,9.933333333,16,9.984715,33.30542425
597,9.95,16,9.986947,33.3128694
598,9.966666667,16,9.989282,33.32065812
599,9.983333333,16,9.991793,33.32903391
600,10,16,9.994442,33.33787003
601,10.01666667,16,9.99714,33.34686959
602,10.03333333,16,9.999976,33.35632946
603,10.05,16,10.0028,33.36574931
604,10.06666667,16,10.00593,33.37618987
605,10.08333333,14,10.00552,33.37482226
606,10.1,14,10.00514,33.37355471
607,10.11666667,14,10.00486,33.37262073
608,10.13333333,14,10.00467,33.37198696
609,10.15,14,10.00463,33.37185354
610,10.16666667,14,10.01558,33.40837881
611,10.18333333,14,10.01601,33.40981313
612,10.2,14,10.01662,33.41184787
613,10.21666667,14,10.01738,33.41438296
614,10.23333333,14,10.01833,33.41755182
615,10.25,16,10.15035,33.85792314
616,10.26666667,16,10.15631,33.87780356
617,10.28333333,16,10.16202,33.89685007
618,10.3,16,10.16824,33.91759775
619,10.31666667,16,10.17426,33.93767831
620,10.33333333,16,10.18134,33.96129465
621,10.35,16,10.18773,33.9826094
622,10.36666667,16,10.19465,34.00569203
623,10.38333333,16,10.20162,34.02894145
624,10.4,14,10.40787,34.71691739
625,10.41666667,14,10.39723,34.68142618
626,10.43333333,14,10.38614,34.64443392
627,10.45,14,10.37521,34.60797536
628,10.46666667,14,10.36441,34.57195044
629,10.48333333,14,10.35449,34.53886088
630,10.5,14,10.34418,34.50447042
631,10.51666667,14,10.334,34.4705136
632,10.53333333,14,10.32399,34.43712383
633,10.55,14,10.31408,34.40406763
634,10.56666667,14,10.30436,34.3716452
635,10.58333333,14,10.29525,34.34125751
636,10.6,14,10.28575,34.30956892
637,10.61666667,14,10.27641,34.27841404
638,10.63333333,14,10.26763,34.24912711
639,10.65,14,10.25776,34.21620433
640,10.66666667,14,10.24817,34.18421553
641,10.68333333,14,10.23878,34.15289387
642,10.7,14,10.22946,34.12180569
643,10.71666667,14,10.22052,34.09198506
644,10.73333333,14,10.21215,34.06406575
645,10.75,14,10.20346,34.03507903
646,10.76666667,14,10.19506,34.00705964
647,10.78333333,14,10.18678,33.97944054
648,10.8,14,10.17875,33.95265534
649,10.81666667,14,10.17091,33.92650391
650,10.83333333,14,10.16319,33.90075277
651,10.85,14,10.15614,33.8772365
652,10.86666667,14,10.14887,33.85298639
653,10.88333333,14,10.14174,33.82920327
654,10.9,16,9.943695,33.16859626
655,10.91666667,16,9.942636,33.16506381
656,10.93333333,16,9.941724,33.16202171
657,10.95,16,9.94102,33.15967342
658,10.96666667,16,9.940401,33.15760865
659,10.98333333,16,9.939907,33.15596085
660,11,16,9.939466,33.15448983
661,11.01666667,16,9.939168,33.15349581
662,11.03333333,16,9.939027,33.15302548
663,11.05,16,9.93905,33.1531022
664,11.06666667,16,9.939225,33.15368594
665,11.08333333,16,9.939568,33.15483007
666,11.1,16,9.94007,33.15650456
667,11.11666667,16,9.940681,33.15854263
668,11.13333333,16,9.941174,33.16018711
669,11.15,16,9.941824,33.16235527
670,11.16666667,16,9.942636,33.16506381
671,11.18333333,16,9.943541,33.16808257
672,11.2,16,9.944653,33.1717918
673,11.21666667,16,9.945918,33.17601139
674,11.23333333,16,9.947337,33.18074466
675,11.25,16,9.948919,33.18602164
676,11.26666667,16,9.950632,33.1917356
677,11.28333333,16,9.952293,33.1972761
678,11.3,16,9.95387,33.2025364
679,11.31666667,16,9.955536,33.20809358
680,11.33333333,16,9.957538,33.21477153
681,11.35,16,9.959494,33.22129605
682,11.36666667,16,9.961708,33.22868116
683,11.38333333,16,9.964058,33.23651991
684,11.4,16,9.965807,33.24235395
685,11.41666667,16,9.967721,33.24873837
686,11.43333333,16,9.969763,33.25554974
687,11.45,16,9.971951,33.26284813
688,11.46666667,16,9.974175,33.27026659
689,11.48333333,16,9.976548,33.27818207
690,11.5,16,9.979007,33.28638441
691,11.51666667,16,9.981667,33.29525721
692,11.53333333,16,9.984515,33.30475712
693,11.55,16,9.987523,33.31479073
694,11.56666667,14,9.990656,33.32524129
695,11.58333333,14,9.990028,33.32314651
696,11.6,14,9.989567,33.32160878
697,11.61666667,14,9.989279,33.32064811
698,11.63333333,14,9.989136,33.32017112
699,11.65,14,9.989153,33.32022782
700,11.66666667,14,10.00133,33.36084592
701,11.68333333,14,10.00185,33.36258046
702,11.7,14,10.00253,33.36484869
703,11.71666667,14,10.00339,33.36771734
704,11.73333333,14,10.00439,33.37105298
705,11.75,14,10.00556,33.37495568
706,11.76666667,16,10.14606,33.84361324
707,11.78333333,16,10.15209,33.86372715
708,11.8,16,10.15837,33.88467498
709,11.81666667,16,10.16476,33.90598972
710,11.83333333,16,10.1714,33.92813838
711,11.85,16,10.17827,33.95105423
712,11.86666667,16,10.18508,33.97376995
713,11.88333333,16,10.19216,33.99738629
714,11.9,16,10.19944,34.02166975
715,11.91666667,14,10.38189,34.63025744
716,11.93333333,14,10.3709,34.59359875
717,11.95,14,10.36016,34.55777397
718,11.96666667,14,10.3497,34.52288316
719,11.98333333,14,10.33929,34.48815914
720,12,14,10.32902,34.45390211
721,12.01666667,14,10.31902,34.4205457
722,12.03333333,14,10.30906,34.38732271
723,12.05,14,10.29922,34.35450001
724,12.06666667,14,10.28962,34.32247785
725,12.08333333,14,10.27978,34.28965515
726,12.1,14,10.27006,34.25723272
727,12.11666667,14,10.25982,34.22307575
728,12.13333333,14,10.24985,34.18981941
729,12.15,14,10.24012,34.15736363
730,12.16666667,14,10.23067,34.12584182
731,12.18333333,14,10.22151,34.09528735
732,12.2,14,10.21242,34.06496637
733,12.21666667,14,10.20354,34.03534588
734,12.23333333,14,10.19489,34.00649258
735,12.25,14,10.18642,33.97823971
736,12.26666667,14,10.17816,33.95068731
737,12.28333333,14,10.17008,33.92373533
738,12.3,14,10.16216,33.89731706
739,12.31666667,14,10.15452,33.87183276
740,12.33333333,14,10.14701,33.8467821
741,12.35,14,10.13966,33.82226514
742,12.36666667,16,9.935016,33.13964623
743,12.38333333,16,9.933727,33.13534659
744,12.4,16,9.9325,33.13125376
745,12.41666667,16,9.931458,33.12777802
746,12.43333333,16,9.930467,33.1244724
747,12.45,16,9.929555,33.12143029
748,12.46666667,16,9.92885,33.11907867
749,12.48333333,16,9.92825,33.11707728
750,12.5,16,9.927811,33.11561294
751,12.51666667,16,9.927539,33.11470564
752,12.53333333,16,9.92743,33.11434206
753,12.55,16,9.927482,33.11451551
754,12.56666667,16,9.927689,33.11520599
755,12.58333333,16,9.928061,33.11644685
756,12.6,16,9.928578,33.11817137
757,12.61666667,16,9.929255,33.1204296
758,12.63333333,16,9.929811,33.12228422
759,12.65,16,9.930479,33.12451243
760,12.66666667,16,9.931307,33.12727434
761,12.68333333,16,9.932279,33.13051658
762,12.7,16,9.933415,33.13430587
763,12.71666667,16,9.934635,33.13837535
764,12.73333333,16,9.93609,33.14322871
765,12.75,16,9.937562,33.14813877
766,12.76666667,16,9.938828,33.15236169
767,12.78333333,16,9.940264,33.15715167
768,12.8,16,9.94187,33.16250871
769,12.81666667,16,9.943635,33.16839612
770,12.83333333,16,9.945351,33.17412008
771,12.85,16,9.946631,33.1783897
772,12.86666667,16,9.948067,33.18317968
773,12.88333333,16,9.949622,33.1883666
774,12.9,16,9.951385,33.19424733
775,12.91666667,16,9.953175,33.20021813
776,12.93333333,16,9.954996,33.20629233
777,12.95,16,9.957081,33.21324715
778,12.96666667,16,9.959367,33.22087242
779,12.98333333,16,9.961723,33.22873119
780,13,16,9.964227,33.23708364
781,13.01666667,16,9.967049,33.24649681
782,13.03333333,16,9.969886,33.25596003
783,13.05,16,9.972859,33.26587689
784,13.06666667,14,9.974995,33.27300182
785,13.08333333,14,9.974447,33.27117389
786,13.1,14,9.974043,33.26982629
787,13.11666667,14,9.97381,33.26904908
788,13.13333333,14,9.973711,33.26871885
789,13.15,14,9.973774,33.268929
790,13.16666667,14,9.973992,33.26965617
791,13.18333333,14,9.988581,33.31831984
792,13.2,14,9.989323,33.32079488
793,13.21666667,14,9.990232,33.32382698
794,13.23333333,14,9.991281,33.32732607
795,13.25,14,9.99256,33.33159235
796,13.26666667,14,9.993861,33.33593202
797,13.28333333,16,10.14433,33.83784258
798,13.3,16,10.1509,33.85975774
799,13.31666667,16,10.157,33.88010515
800,13.33333333,16,10.16376,33.90265408
801,13.35,16,10.17074,33.92593686
802,13.36666667,16,10.17718,33.94741838
803,13.38333333,16,10.18442,33.97156842
804,13.4,16,10.19162,33.99558504
805,13.41666667,14,10.36792,34.58365854
806,13.43333333,14,10.35667,34.54613258
807,13.45,14,10.34631,34.51157534
808,13.46666667,14,10.33543,34.47528356
809,13.48333333,14,10.32515,34.44099318
810,13.5,14,10.3151,34.40746998
811,13.51666667,14,10.30502,34.37384672
812,13.53333333,14,10.29468,34.3393562
813,13.55,14,10.28406,34.30393169
814,13.56666667,14,10.27311,34.26740642
815,13.58333333,14,10.26343,34.23511742
816,13.6,14,10.25321,34.20102717
817,13.61666667,14,10.24333,34.16807103
818,13.63333333,14,10.23384,34.1364158
819,13.65,14,10.22426,34.10446036
820,13.66666667,14,10.21474,34.07270506
821,13.68333333,14,10.20614,34.04401855
822,13.7,14,10.19702,34.0135975
823,13.71666667,14,10.18832,33.98457742
824,13.73333333,14,10.18085,33.95966019
825,13.75,14,10.17255,33.93197437
826,13.76666667,14,10.16449,33.9050891
827,13.78333333,14,10.15618,33.87736992
828,13.8,14,10.14851,33.85178556
829,13.81666667,14,10.14098,33.82666818
830,13.83333333,14,10.13323,33.80081696
831,13.85,16,9.930586,33.12486934
832,13.86666667,16,9.929012,33.11961904
833,13.88333333,16,9.927588,33.11486909
834,13.9,16,9.926134,33.11001907
835,13.91666667,16,9.924933,33.10601296
836,13.93333333,16,9.923867,33.10245717
837,13.95,16,9.922962,33.09943841
838,13.96666667,16,9.922187,33.09685329
839,13.98333333,16,9.92159,33.09486191
840,14,16,9.921149,33.0933909
841,14.01666667,16,9.920872,33.09246692
842,14.03333333,16,9.92076,33.09209333
843,14.05,16,9.920801,33.09223009
844,14.06666667,16,9.920995,33.09287721
845,14.08333333,16,9.921358,33.09408804
846,14.1,16,9.92189,33.09586261
847,14.11666667,16,9.922532,33.09800409
848,14.13333333,16,9.923179,33.10016225
849,14.15,16,9.923859,33.10243048
850,14.16666667,16,9.924674,33.10514903
851,14.18333333,16,9.925646,33.10839127
852,14.2,16,9.926761,33.11211051
853,14.21666667,16,9.928009,33.11627339
854,14.23333333,16,9.929408,33.12093995
855,14.25,16,9.930939,33.12604682
856,14.26666667,16,9.932415,33.13097023
857,14.28333333,16,9.933738,33.13538328
858,14.3,16,9.934525,33.13800843
859,14.31666667,16,9.935469,33.14115727
860,14.33333333,16,9.936573,33.14483982
861,14.35,16,9.937724,33.14867914
862,14.36666667,16,9.939014,33.15298212
863,14.38333333,16,9.940447,33.15776209
864,14.4,16,9.942001,33.16294568
865,14.41666667,16,9.943852,33.16911995
866,14.43333333,16,9.945764,33.1754977
867,14.45,16,9.947779,33.18221901
868,14.46666667,16,9.950036,33.18974756
869,14.48333333,16,9.952384,33.19757964
870,14.5,16,9.954835,33.2057553
871,14.51666667,16,9.957484,33.21459141
872,14.53333333,16,9.960366,33.22420473
873,14.55,14,9.962142,33.23012882
874,14.56666667,14,9.96143,33.22775385
875,14.58333333,14,9.960896,33.22597262
876,14.6,14,9.960514,33.2246984
877,14.61666667,14,9.960292,33.22395789
878,14.63333333,14,9.960229,33.22374774
879,14.65,14,9.960321,33.22405462
880,14.66666667,14,9.960567,33.22487519
881,14.68333333,14,9.976183,33.27696456
882,14.7,14,9.976963,33.27956636
883,14.71666667,14,9.97792,33.28275857
884,14.73333333,14,9.979024,33.28644112
885,14.75,14,9.980272,33.290604
886,14.76666667,14,9.981702,33.29537396
887,14.78333333,14,9.983254,33.30055088
888,14.8,16,10.14607,33.84364659
889,14.81666667,16,10.15254,33.86522819
890,14.83333333,16,10.15895,33.88660965
891,14.85,16,10.16576,33.90932536
892,14.86666667,16,10.17249,33.93177423
893,14.88333333,16,10.1796,33.95549063
894,14.9,16,10.18661,33.97887348
895,14.91666667,16,10.19407,34.00375736
896,14.93333333,14,10.34237,34.49843291
897,14.95,14,10.33164,34.46264149
898,14.96666667,14,10.32091,34.42685006
899,14.98333333,14,10.31004,34.39059164
900,15,14,10.29909,34.35406637
901,15.01666667,14,10.28816,34.31760782
902,15.03333333,14,10.27764,34.28251687
903,15.05,14,10.26704,34.24715908
904,15.06666667,14,10.2569,34.21333568
905,15.08333333,14,10.24666,34.17917872
906,15.1,14,10.23667,34.14585566
907,15.11666667,14,10.22686,34.11313303
908,15.13333333,14,10.21744,34.08171129
909,15.15,14,10.20797,34.05012277
910,15.16666667,14,10.19873,34.01930145
911,15.18333333,14,10.18966,33.98904718
912,15.2,14,10.18072,33.95922655
913,15.21666667,14,10.1722,33.93080689
914,15.23333333,14,10.16372,33.90252066
915,15.25,14,10.15539,33.87473477
916,15.26666667,14,10.14738,33.84801628
917,15.28333333,14,10.13946,33.82159801
918,15.3,14,10.13172,33.79578015
919,15.31666667,16,9.928174,33.11682377
920,15.33333333,16,9.926254,33.11041934
921,15.35,16,9.924374,33.10414834
922,15.36666667,16,9.922707,33.09858782
923,15.38333333,16,9.92117,33.09346094
924,15.4,16,9.919783,33.08883441
925,15.41666667,16,9.918579,33.0848183
926,15.43333333,16,9.917536,33.08133922
927,15.45,16,9.91666,33.0784172
928,15.46666667,16,9.915932,33.07598886
929,15.48333333,16,9.915365,33.07409755
930,15.5,16,9.914962,33.07275328
931,15.51666667,16,9.914641,33.07168254
932,15.53333333,16,9.914226,33.07029825
933,15.55,16,9.913971,33.06944766
934,15.56666667,16,9.913871,33.0691141
935,15.58333333,16,9.91393,33.0693109
936,15.6,16,9.914143,33.07002139
937,15.61666667,16,9.914518,33.07127226
938,15.63333333,16,9.915029,33.07297677
939,15.65,16,9.915724,33.07529504
940,15.66666667,16,9.916563,33.07809365
941,15.68333333,16,9.917546,33.08137258
942,15.7,16,9.918689,33.08518522
943,15.71666667,16,9.919992,33.08953156
944,15.73333333,16,9.921131,33.09333085
945,15.75,16,9.921921,33.09596601
946,15.76666667,16,9.922878,33.09915822
947,15.78333333,16,9.923948,33.10272735
948,15.8,16,9.925123,33.10664673
949,15.81666667,16,9.926444,33.11105311
950,15.83333333,16,9.927898,33.11590314
951,15.85,16,9.929507,33.12127018
952,15.86666667,16,9.931272,33.12715759
953,15.88333333,16,9.933052,33.13309503
954,15.9,16,9.934652,33.13843205
955,15.91666667,16,9.936392,33.14423607
956,15.93333333,16,9.938283,33.15054377
957,15.95,16,9.94037,33.15750525
958,15.96666667,16,9.942534,33.16472358
959,15.98333333,16,9.944945,33.17276581
960,16,16,9.94741,33.18098816
961,16.01666667,16,9.950078,33.18988765
962,16.03333333,14,9.951112,33.1933367
963,16.05,14,9.950297,33.19061816
964,16.06666667,14,9.949649,33.18845666
965,16.08333333,14,9.949169,33.18685555
966,16.1,14,9.948836,33.18574479
967,16.11666667,14,9.948671,33.18519441
968,16.13333333,14,9.948658,33.18515104
969,16.15,14,9.948804,33.18563805
970,16.16666667,14,9.949103,33.1866354
971,16.18333333,14,9.949562,33.18816646
972,16.2,14,9.965628,33.24175687
973,16.21666667,14,9.966645,33.24514922
974,16.23333333,14,9.967804,33.24901522
975,16.25,14,9.969035,33.2531214
976,16.26666667,14,9.969725,33.25542299
977,16.28333333,14,9.97055,33.25817489
978,16.3,16,10.14162,33.82880299
979,16.31666667,16,10.1481,33.85041794
980,16.33333333,16,10.15456,33.87196619
981,16.35,16,10.16138,33.89471526
982,16.36666667,16,10.16811,33.91716412
983,16.38333333,16,10.17475,33.93931278
984,16.4,16,10.18173,33.96259555
985,16.41666667,16,10.18866,33.98571154
986,16.43333333,16,10.19596,34.01006172
987,16.45,14,10.31478,34.40640258
988,16.46666667,14,10.30348,34.36870984
989,16.48333333,14,10.29227,34.3313173
990,16.5,14,10.28141,34.29509224
991,16.51666667,14,10.27066,34.2592341
992,16.53333333,14,10.26014,34.22414316
993,16.55,14,10.24954,34.18878536
994,16.56666667,14,10.23934,34.15476183
995,16.58333333,14,10.22943,34.12170562
996,16.6,14,10.21956,34.08878285
997,16.61666667,14,10.21031,34.05792817
998,16.63333333,14,10.20048,34.02513882
999,16.65,14,10.19102,33.99358365