Time Step,Time (minutes),Path Length,Distance,Time of Signal (milliseconds)
1,0.01666666667,12,7.09639,23.6710091
2,0.35,12,7.102222,23.69046255
3,0.6833333333,11,6.681528,22.28717842
4,1.016666667,11,6.660269,22.21626603
5,1.35,9,6.987949,23.30928885
6,1.683333333,12,7.106191,23.70370171
7,2.016666667,11,6.792893,22.65865207
8,2.35,11,6.6724,22.25673069
9,2.683333333,9,6.939579,23.1479439
10,3.016666667,10,7.097255,23.67389442
11,3.35,12,7.112945,23.72623063
12,3.683333333,11,6.763233,22.55971696
13,4.016666667,11,6.671338,22.25318824
14,4.35,9,7.020984,23.41948175
15,4.683333333,12,7.122477,23.75802596
16,5.016666667,12,7.137519,23.80820067
17,5.35,11,6.690127,22.3158616
18,5.683333333,9,6.96702,23.23947723
19,6.016666667,9,7.117289,23.74072066
20,6.35,12,7.13309,23.79342712
21,6.683333333,11,6.784913,22.63203366
22,7.016666667,11,6.693345,22.32659569
23,7.35,9,7.036283,23.47051372
24,7.683333333,12,7.15236,23.85770492
25,8.016666667,12,7.151564,23.85504975
26,8.35,11,6.715098,22.39915589
27,8.683333333,9,6.985904,23.30246747
28,9.016666667,9,7.12517,23.76700884
29,9.35,12,7.147564,23.84170719
30,9.683333333,11,6.787889,22.64196053
31,10.01666667,10,7.204401,24.03129501
32,10.35,9,7.067782,23.57558308
33,10.68333333,12,7.14203,23.82324775
34,11.01666667,12,7.140263,23.81735367
35,11.35,11,6.697872,22.34169613
36,11.68333333,9,7.021434,23.42098279
37,12.01666667,12,7.15831,23.87755198
38,12.35,12,7.124506,23.76479398
39,12.68333333,11,6.760229,22.5496967
40,13.01666667,11,6.669856,22.24824482
41,13.35,9,7.111715,23.72212779
42,13.68333333,12,7.124016,23.76315951
43,14.01666667,12,7.117221,23.74049383
44,14.35,11,6.69464,22.33091534
45,14.68333333,12,7.232259,24.1242193
46,15.01666667,12,7.143026,23.82657005
47,15.35,12,7.103376,23.69431188
48,15.68333333,11,6.73682,22.47161268
49,16.01666667,11,6.64966,22.18087821
50,16.35,9,7.162705,23.89221212
51,16.68333333,12,7.109167,23.71362858
52,17.01666667,12,7.094448,23.66453128
53,17.35,11,6.701744,22.35461174
54,17.68333333,11,6.636258,22.13617395
55,18.01666667,12,7.129436,23.78123869
56,18.35,12,7.085557,23.6348741
57,18.68333333,12,7.091384,23.65431088
58,19.01666667,11,6.638056,22.14217144
59,19.35,12,7.175734,23.93567219
60,19.68333333,12,7.098108,23.67673973
61,20.01666667,12,7.072268,23.59054676
62,20.35,11,6.684458,22.29695185
63,20.68333333,11,6.622469,22.0901788
64,21.01666667,12,7.125159,23.76697215
65,21.35,12,7.07054,23.58478278
66,21.68333333,12,7.069919,23.58271134
67,22.01666667,11,6.624832,22.09806092
68,22.35,11,6.6208,22.08461161
69,22.68333333,12,7.083178,23.62693861
70,23.01666667,12,7.051852,23.52244632
71,23.35,11,6.669357,22.24658033
72,23.68333333,11,6.612678,22.05751954
73,24.01666667,12,7.120376,23.75101778
74,24.35,12,7.055269,23.5338442
75,24.68333333,12,7.049878,23.51586176
76,25.01666667,11,6.616124,22.06901416
77,25.35,11,6.612437,22.05671565
78,25.68333333,12,7.079246,23.61382287
79,26.01666667,12,7.037397,23.47422963
80,26.35,11,6.660007,22.21539209
81,26.68333333,11,6.605849,22.03474045
82,27.01666667,12,7.120754,23.75227865
83,27.35,12,7.047593,23.50823982
84,27.68333333,12,7.034289,23.46386246
85,28.01666667,11,6.631486,22.12025627
86,28.35,11,6.605529,22.03367304
87,28.68333333,12,7.079483,23.61461341
88,29.01666667,12,7.026648,23.43837482
89,29.35,11,6.845681,22.83473389
90,29.68333333,11,6.602963,22.02511379
91,30.01666667,11,6.61567,22.06749978
92,30.35,12,7.039469,23.48114108
93,30.68333333,12,7.023125,23.42662336
94,31.01666667,11,6.630235,22.11608339
95,31.35,11,6.603332,22.02634464
96,31.68333333,12,7.076086,23.60328224
97,32.01666667,12,7.019837,23.41565577
98,32.35,11,6.832151,22.78960267
99,32.68333333,11,6.602667,22.02412644
100,33.01666667,11,6.612386,22.05654553
101,33.35,12,7.046504,23.50460731
102,33.68333333,12,7.016563,23.40473488
103,34.01666667,11,6.633494,22.12695424
104,34.35,11,6.603172,22.02581094
105,34.68333333,12,7.088095,23.64333995
106,35.01666667,10,6.887933,22.97567139
107,35.35,10,6.962113,23.22310924
108,35.68333333,11,6.606419,22.03664176
109,36.01666667,11,6.613019,22.05865699
110,36.35,10,6.878907,22.94556389
111,36.68333333,10,6.918626,23.07805222
112,37.01666667,11,6.778865,22.6118597
113,37.35,11,6.606201,22.03591459
114,37.68333333,11,6.618793,22.07791698
115,38.01666667,10,6.895757,23.00176944
116,38.35,10,6.963628,23.22816273
117,38.68333333,11,6.613292,22.05956762
118,39.01666667,11,6.610294,22.04956737
119,39.35,10,6.893939,22.99570525
120,39.68333333,10,6.922969,23.09253891
121,40.01666667,11,6.779421,22.61371432
122,40.35,11,6.609615,22.04730247
123,40.68333333,11,6.615938,22.06839373
124,41.01666667,10,6.908526,23.04436224
125,41.35,10,6.976926,23.27252008
126,41.68333333,11,6.619346,22.07976159
127,42.01666667,11,6.612117,22.05564824
128,42.35,10,6.906913,23.03898185
129,42.68333333,10,6.937739,23.14180632
130,43.01666667,11,6.771005,22.58564156
131,43.35,11,6.61335,22.05976109
132,43.68333333,11,6.617623,22.07401428
133,44.01666667,10,6.920091,23.08293893
134,44.35,10,6.981033,23.28621956
135,44.68333333,11,6.640314,22.14970331
136,45.01666667,11,6.610211,22.04929051
137,45.35,10,6.925087,23.09960379
138,45.68333333,10,6.950813,23.18541649
139,46.01666667,11,6.777147,22.60612907
140,46.35,11,6.620384,22.08322399
141,46.68333333,11,6.61778,22.07453798
142,47.01666667,10,6.936927,23.13909778
143,47.35,10,6.994681,23.33174439
144,47.68333333,11,6.657065,22.20557863
145,48.01666667,11,6.617645,22.07408767
146,48.35,10,6.943947,23.16251398
147,48.68333333,10,6.965386,23.23402679
148,49.01666667,11,6.780366,22.6168665
149,49.35,11,6.626709,22.10432192
150,49.68333333,11,6.622504,22.09029555
151,50.01666667,10,6.958253,23.21023366
152,50.35,10,7.004643,23.36497404
153,50.68333333,11,6.666771,22.23795437
154,51.01666667,11,6.621266,22.08616602
155,51.35,9,6.849092,22.84611176
156,51.68333333,10,6.98627,23.30368831
157,52.01666667,10,7.082274,23.62392319
158,52.35,11,6.636558,22.13717465
159,52.68333333,11,6.629712,22.11433885
160,53.01666667,10,6.981452,23.2876172
161,53.35,10,7.033464,23.46111055
162,53.68333333,11,6.75813,22.54269519
163,54.01666667,11,6.634991,22.1319477
164,54.35,9,6.868572,22.91109004
165,54.68333333,10,7.010381,23.38411395
166,55.01666667,12,7.091812,23.65573853
167,55.35,11,6.649005,22.17869337
168,55.68333333,11,6.639343,22.14646441
169,56.01666667,10,7.007393,23.37414706
170,56.35,10,7.052802,23.52561518
171,56.68333333,11,6.764404,22.563623
172,57.01666667,11,6.643248,22.15949008
173,57.35,9,6.89404,22.99604215
174,57.68333333,10,7.03791,23.47594081
175,58.01666667,12,7.095592,23.66834725
176,58.35,11,6.680883,22.28502693
177,58.68333333,11,6.650682,22.18428724
178,59.01666667,9,6.955762,23.20192458
179,59.35,10,7.073415,23.59437274
180,59.68333333,11,6.787259,22.63985907
181,60.01666667,11,6.663472,22.22695009
182,60.35,9,6.901817,23.02198343
183,60.68333333,10,7.065688,23.56859825
184,61.01666667,12,7.107658,23.7085951
185,61.35,11,6.69456,22.33064849
186,61.68333333,11,6.666939,22.23851475
187,62.01666667,9,6.986731,23.30522604
188,62.35,10,7.108424,23.7111502
189,62.68333333,12,7.123279,23.76070114
190,63.01666667,11,6.678791,22.27804877
191,63.35,9,6.92276,23.09184176
192,63.68333333,9,7.060813,23.552337
193,64.01666667,12,7.11903,23.74652801
194,64.35,11,6.769378,22.58021448
195,64.68333333,11,6.683241,22.29289237
196,65.01666667,9,7.005724,23.36857987
197,65.35,10,7.126604,23.77179215
198,65.68333333,12,7.133123,23.79353719
199,66.01666667,11,6.70639,22.37010912
200,66.35,9,6.946627,23.1714535
201,66.68333333,9,7.081681,23.62194515
202,67.01666667,12,7.138704,23.81215341
203,67.35,11,6.796321,22.67008665
204,67.68333333,11,6.701332,22.35323745
205,68.01666667,9,7.014514,23.39790016
206,68.35,10,7.154848,23.86600399
207,68.68333333,12,7.146559,23.83835487
208,69.01666667,11,6.727017,22.43891339
209,69.35,9,6.978384,23.27738345
210,69.68333333,9,7.100224,23.68379794
211,70.01666667,12,7.131822,23.78919753
212,70.35,11,6.795137,22.66613725
213,70.68333333,11,6.70415,22.36263729
214,71.01666667,9,7.054971,23.53285018
215,71.35,12,7.136619,23.8051986
216,71.68333333,12,7.121294,23.7540799
217,72.01666667,11,6.757922,22.54200137
218,72.35,10,7.215144,24.0671298
219,72.68333333,9,7.155707,23.86886931
220,73.01666667,12,7.108647,23.71189405
221,73.35,12,7.129661,23.78198921
222,73.68333333,11,6.685925,22.30184523
223,74.01666667,9,7.09773,23.67547885
224,74.35,12,7.116117,23.73681128
225,74.68333333,12,7.099152,23.68022214
226,75.01666667,11,6.744818,22.49829113
227,75.35,11,6.656847,22.20485146
228,75.68333333,12,7.141977,23.82307096
229,76.01666667,12,7.090013,23.64973771
230,76.35,12,7.100094,23.68336431
231,76.68333333,11,6.665151,22.23255063
232,77.01666667,12,7.191578,23.98852209
233,77.35,12,7.105105,23.70007921
234,77.68333333,12,7.07932,23.6140697
235,78.01666667,11,6.730244,22.4496775
236,78.35,11,6.641171,22.15256196
237,78.68333333,12,7.145515,23.83487246
238,79.01666667,12,7.075515,23.60137759
239,79.35,12,7.085908,23.63604491
240,79.68333333,11,6.650192,22.18265277
241,80.01666667,11,6.62707,22.10552608
242,80.35,12,7.092378,23.6576265
243,80.68333333,12,7.064903,23.56597977
244,81.01666667,11,6.706373,22.37005242
245,81.35,11,6.625536,22.10040921
246,81.68333333,12,7.130991,23.78642561
247,82.01666667,12,7.064984,23.56624996
248,82.35,12,7.067687,23.57526619
249,82.68333333,11,6.63599,22.13528
250,83.01666667,11,6.61413,22.06236289
251,83.35,12,7.089846,23.64918066
252,83.68333333,12,7.052981,23.52621226
253,84.01666667,11,6.895087,22.99953456
254,84.35,11,6.617851,22.07477481
255,84.68333333,11,6.61098,22.05185562
256,85.01666667,12,7.061313,23.55400482
257,85.35,12,7.050717,23.51866037
258,85.68333333,11,6.66145,22.22020542
259,86.01666667,11,6.605793,22.03455365
260,86.35,12,7.10174,23.68885477
261,86.68333333,12,7.049621,23.5150045
262,87.01666667,12,7.052045,23.5230901
263,87.35,11,6.636487,22.13693781
264,87.68333333,11,6.599269,22.01279193
265,88.01666667,12,7.080726,23.61875962
266,88.35,12,7.041216,23.48696844
267,88.68333333,11,6.856914,22.87220314
268,89.01666667,11,6.602525,22.02365278
269,89.35,11,6.601371,22.01980345
270,89.68333333,12,7.056986,23.5395715
271,90.01666667,12,7.037165,23.47345576
272,90.35,11,6.643579,22.16059418
273,90.68333333,11,6.593984,21.99516307
274,91.01666667,12,7.094745,23.66552197
275,91.35,12,7.039598,23.48157137
276,91.68333333,12,7.040595,23.48489701
277,92.01666667,11,6.623537,22.09374126
278,92.35,11,6.594146,21.99570344
279,92.68333333,12,7.071909,23.58934927
280,93.01666667,12,7.032901,23.45923259
281,93.35,11,6.809046,22.71253268
282,93.68333333,11,6.59213,21.98897879
283,94.01666667,11,6.603186,22.02585764
284,94.35,12,7.042673,23.49182847
285,94.68333333,12,7.02978,23.44882205
286,95.01666667,11,6.629089,22.11226074
287,95.35,11,6.591238,21.9860034
288,95.68333333,12,7.092336,23.65748641
289,96.01666667,10,6.891415,22.98728609
290,96.35,10,6.969047,23.24623857
291,96.68333333,11,6.598432,22.01
292,97.01666667,11,6.595428,21.99997973
293,97.35,10,6.876034,22.9359806
294,97.68333333,10,6.92517,23.09988065
295,98.01666667,11,6.784418,22.63038252
296,98.35,11,6.59345,21.99338183
297,98.68333333,11,6.611784,22.05453748
298,99.01666667,10,6.904247,23.03008904
299,99.35,10,6.975066,23.26631579
300,99.68333333,11,6.617014,22.07198288
301,100.0166667,11,6.599645,22.01404613
302,100.35,10,6.893808,22.99526828
303,100.6833333,10,6.934393,23.13064527
304,101.0166667,11,6.785518,22.63405172
305,101.35,11,6.600096,22.0155505
306,101.6833333,11,6.615026,22.06535162
307,102.0166667,10,6.912456,23.05747131
308,102.35,10,6.977414,23.27414788
309,102.6833333,11,6.625489,22.10025244
310,103.0166667,11,6.605066,22.03212864
311,103.35,10,6.911947,23.05577347
312,103.6833333,10,6.932975,23.12591533
313,104.0166667,10,6.998755,23.34533379
314,104.35,11,6.615076,22.06551841
315,104.6833333,11,6.607801,22.04125162
316,105.0166667,10,6.925522,23.1010548
317,105.35,10,6.960036,23.21618111
318,105.6833333,11,6.77243,22.59039485
319,106.0166667,11,6.611323,22.05299975
320,106.35,11,6.615905,22.06828365
321,106.6833333,10,6.939402,23.14735349
322,107.0166667,10,6.99257,23.32470285
323,107.35,11,6.634554,22.13049002
324,107.6833333,11,6.61393,22.06169576
325,108.0166667,10,6.944563,23.16456874
326,108.35,10,6.968946,23.24590167
327,108.6833333,11,6.782017,22.62237364
328,109.0166667,11,6.620625,22.08402788
329,109.35,11,6.622446,22.09010208
330,109.6833333,10,6.960961,23.21926658
331,110.0166667,10,7.008564,23.37805309
332,110.35,11,6.745092,22.4992051
333,110.6833333,11,6.618507,22.07696299
334,111.0166667,10,6.96982,23.24881702
335,111.35,10,6.985544,23.30126664
336,111.6833333,10,7.064203,23.56364482
337,112.0166667,11,6.6337,22.12764138
338,112.35,11,6.628608,22.1106563
339,112.6833333,10,6.985301,23.30045608
340,113.0166667,10,7.021155,23.42005215
341,113.35,11,6.754462,22.53046006
342,113.6833333,11,6.633188,22.12593353
343,114.0166667,9,6.845231,22.83323285
344,114.35,10,7.004725,23.36524757
345,114.6833333,10,7.078451,23.61117103
346,115.0166667,11,6.647946,22.17516092
347,115.35,11,6.638309,22.14301535
348,115.6833333,10,7.00855,23.37800639
349,116.0166667,10,7.042519,23.49131478
350,116.35,11,6.762076,22.55585763
351,116.6833333,11,6.643005,22.15867952
352,117.0166667,9,6.879966,22.94909634
353,117.35,10,7.030616,23.45161065
354,117.6833333,12,7.092224,23.65711282
355,118.0166667,11,6.678878,22.27833897
356,118.35,11,6.645851,22.16817276
357,118.6833333,9,6.953403,23.1940558
358,119.0166667,10,7.062436,23.55775074
359,119.35,11,6.7753,22.59996814
360,119.6833333,11,6.661465,22.22025545
361,120.0166667,9,6.884885,22.96550436
362,120.35,10,7.052542,23.52474791
363,120.6833333,12,7.105195,23.70037941
364,121.0166667,11,6.761009,22.5522985
365,121.35,11,6.661315,22.21975511
366,121.6833333,9,6.94293,23.15912163
367,122.0166667,10,7.079839,23.6158009
368,122.35,12,7.11499,23.73305202
369,122.6833333,11,6.685048,22.29891987
370,123.0166667,11,6.663017,22.22543237
371,123.35,9,7.017474,23.40777365
372,123.6833333,10,7.113575,23.72833208
373,124.0166667,11,6.788697,22.64465572
374,124.35,11,6.676798,22.27140084
375,124.6833333,9,6.958896,23.21237848
376,125.0166667,10,7.108079,23.7099994
377,125.35,12,7.128911,23.77948747
378,125.6833333,11,6.726613,22.43756579
379,126.0166667,11,6.680489,22.28371269
380,126.35,9,7.030703,23.45190085
381,126.6833333,12,7.141733,23.82225706
382,127.0166667,12,7.148878,23.84609022
383,127.35,11,6.704504,22.36381811
384,127.6833333,9,6.958385,23.21067397
385,128.0166667,9,7.094585,23.66498826
386,128.35,12,7.144352,23.83099311
387,128.6833333,11,6.798063,22.67589734
388,129.0166667,11,6.698239,22.34292031
389,129.35,9,7.044157,23.49677856
390,129.6833333,12,7.160206,23.88387636
391,130.0166667,12,7.144349,23.8309831
392,130.35,11,6.765723,22.56802271
393,130.6833333,10,7.188953,23.97976603
394,131.0166667,9,7.089157,23.6468824
395,131.35,12,7.137197,23.8071266
396,131.6833333,12,7.136235,23.80391771
397,132.0166667,11,6.69444,22.33024821
398,132.35,9,7.048474,23.51117852
399,132.6833333,12,7.151421,23.85457275
400,133.0166667,12,7.114931,23.73285521
401,133.35,11,6.751861,22.52178405
402,133.6833333,10,7.235517,24.13508681
403,134.0166667,9,7.120269,23.75066087
404,134.35,12,7.115537,23.73487661
405,134.6833333,12,7.109071,23.71330836
406,135.0166667,11,6.682652,22.29092768
407,135.35,12,7.2388,24.14603772
408,135.6833333,12,7.133607,23.79515164
409,136.0166667,12,7.090852,23.65253632
410,136.35,11,6.736544,22.47069204
411,136.6833333,11,6.6653,22.23304764
412,137.0166667,9,7.146199,23.83715404
413,137.35,12,7.098876,23.6793015
414,137.6833333,12,7.080935,23.61945676
415,138.0166667,11,6.679698,22.2810742
416,138.35,11,6.657552,22.20720309
417,138.6833333,12,7.119248,23.74725518
418,139.0166667,12,7.071947,23.58947602
419,139.35,12,7.08787,23.64258943
420,139.6833333,11,6.654465,22.19690597
421,140.0166667,12,7.172226,23.92397076
422,140.35,12,7.085463,23.63456055
423,140.6833333,12,7.061844,23.55577604
424,141.0166667,11,6.695728,22.33454452
425,141.35,11,6.643833,22.16144143
426,141.6833333,12,7.12333,23.76087126
427,142.0166667,12,7.058072,23.54319401
428,142.35,12,7.063576,23.56155337
429,142.6833333,11,6.649085,22.17896022
430,143.0166667,11,6.631311,22.11967254
431,143.35,12,7.080634,23.61845274
432,143.6833333,12,7.044314,23.49730226
433,144.0166667,11,6.901761,23.02179663
434,144.35,11,6.635217,22.13270155
435,144.6833333,12,7.136225,23.80388435
436,145.0166667,12,7.052545,23.52475792
437,145.35,12,7.041291,23.48721861
438,145.6833333,11,6.671961,22.25526634
439,146.0166667,11,6.618069,22.07550198
440,146.35,12,7.082658,23.62520407
441,146.6833333,12,7.034884,23.46584716
442,147.0166667,12,7.051728,23.5220327
443,147.35,11,6.629033,22.11207395
444,147.6833333,11,6.610783,22.0511985
445,148.0166667,12,7.063228,23.56039257
446,148.35,12,7.029441,23.44769127
447,148.6833333,11,6.679219,22.27947642
448,149.0166667,11,6.613971,22.06183252
449,149.35,12,7.108514,23.71145041
450,149.6833333,12,7.037359,23.47410287
451,150.0166667,12,7.032131,23.45666414
452,150.35,11,6.656872,22.20493486
453,150.6833333,11,6.602791,22.02454006
454,151.0166667,12,7.065154,23.56681701
455,151.35,12,7.024995,23.43286101
456,151.6833333,12,7.047647,23.50841995
457,152.0166667,11,6.611249,22.05275291
458,152.35,11,6.599554,22.01374259
459,152.6833333,12,7.044756,23.49877661
460,153.0166667,12,7.026795,23.43886516
461,153.35,11,6.655996,22.20201283
462,153.6833333,11,6.597044,22.00537013
463,154.0166667,12,7.084717,23.63207216
464,154.35,12,7.026873,23.43912534
465,154.6833333,12,7.047177,23.5068522
466,155.0166667,11,6.609231,22.04602158
467,155.35,11,6.595287,21.99950941
468,155.6833333,12,7.043818,23.49564778
469,156.0166667,12,7.026679,23.43847823
470,156.35,11,6.649276,22.17959733
471,156.6833333,11,6.594189,21.99584687
472,157.0166667,11,6.601702,22.02090754
473,157.35,10,6.876937,22.93899268
474,157.6833333,10,6.957831,23.20882602
475,158.0166667,11,6.61595,22.06843376
476,158.35,11,6.592764,21.99109359
477,158.6833333,10,6.867671,22.90808463
478,159.0166667,10,6.914732,23.06506323
479,159.35,11,6.786438,22.63712051
480,159.6833333,11,6.596513,22.0035989
481,160.0166667,11,6.600489,22.01686141
482,160.35,10,6.88933,22.98033128
483,160.6833333,10,6.963163,23.22661166
484,161.0166667,11,6.628158,22.10915526
485,161.35,11,6.59422,21.99595028
486,161.6833333,10,6.883025,22.95930006
487,162.0166667,10,6.920649,23.08480022
488,162.35,11,6.78405,22.629155
489,162.6833333,11,6.60108,22.01883278
490,163.0166667,11,6.603216,22.0259577
491,163.35,10,6.901703,23.02160317
492,163.6833333,10,6.968579,23.24467749
493,164.0166667,11,6.629931,22.11506935
494,164.35,11,6.599383,22.01317219
495,164.6833333,10,6.904136,23.02971878
496,165.0166667,10,6.939612,23.14805398
497,165.35,11,6.78257,22.62421825
498,165.6833333,11,6.608348,22.04307621
499,166.0166667,11,6.608131,22.04235238
500,166.35,10,6.920977,23.08589431
501,166.6833333,10,6.991782,23.32207437
502,167.0166667,11,6.751096,22.51923229
503,167.35,11,6.607321,22.03965051
504,167.6833333,10,6.92538,23.10058114
505,168.0166667,10,6.957422,23.20746174
506,168.35,10,7.046094,23.5032397
507,168.6833333,11,6.622217,22.08933822
508,169.0166667,11,6.617411,22.07330713
509,169.35,10,6.943573,23.16126645
510,169.6833333,10,7.003498,23.36115474
511,170.0166667,11,6.750998,22.5189054
512,170.35,11,6.617043,22.07207961
513,170.6833333,11,6.624633,22.09739713
514,171.0166667,10,6.970802,23.25209262
515,171.35,10,7.055403,23.53429118
516,171.6833333,11,6.636841,22.13811863
517,172.0166667,11,6.619291,22.07957813
518,172.35,10,6.966201,23.23674534
519,172.6833333,10,7.010574,23.38475773
520,173.0166667,11,6.770432,22.58373024
521,173.35,11,6.630771,22.11787129
522,173.6833333,11,6.629898,22.11495928
523,174.0166667,10,6.992285,23.32375219
524,174.35,10,7.049658,23.51512792
525,174.6833333,11,6.747636,22.50769097
526,175.0166667,11,6.629493,22.11360834
527,175.35,9,6.87269,22.92482621
528,175.6833333,10,7.022148,23.42336444
529,176.0166667,12,7.07603,23.60309545
530,176.35,11,6.644988,22.1652941
531,176.6833333,11,6.632787,22.12459594
532,177.0166667,10,7.014116,23.39657257
533,177.35,10,7.068637,23.57843505
534,177.6833333,11,6.758925,22.54534702
535,178.0166667,11,6.638649,22.14414947
536,178.35,9,6.890729,22.98499784
537,178.6833333,10,7.048343,23.51074155
538,179.0166667,12,7.0868,23.6390203
539,179.35,11,6.661701,22.22104267
540,179.6833333,11,6.64586,22.16820278
541,180.0166667,10,7.040956,23.48610117
542,180.35,12,7.088037,23.64314649
543,180.6833333,11,6.773614,22.59434425
544,181.0166667,11,6.655834,22.20147246
545,181.35,9,6.916929,23.07239163
546,181.6833333,10,7.066819,23.57237086
547,182.0166667,12,7.097116,23.67343077
548,182.35,11,6.685959,22.30195864
549,182.6833333,11,6.657518,22.20708968
550,183.0166667,9,6.986712,23.30516267
551,183.35,12,7.104162,23.6969337
552,183.6833333,12,7.122225,23.75718538
553,184.0166667,11,6.672915,22.25844854
554,184.35,9,6.93877,23.14524537
555,184.6833333,10,7.100445,23.68453512
556,185.0166667,12,7.115976,23.73634096
557,185.35,11,6.763275,22.55985706
558,185.6833333,11,6.675239,22.26620057
559,186.0166667,9,7.007338,23.3739636
560,186.35,12,7.12822,23.77718255
561,186.6833333,12,7.145201,23.83382507
562,187.0166667,11,6.693592,22.32741959
563,187.35,9,6.960637,23.21818583
564,187.6833333,9,7.100932,23.68615958
565,188.0166667,12,7.134252,23.79730313
566,188.35,11,6.782082,22.62259046
567,188.6833333,11,6.689877,22.31502768
568,189.0166667,9,7.046525,23.50467736
569,189.35,12,7.146677,23.83874847
570,189.6833333,12,7.159193,23.88049735
571,190.0166667,11,6.711563,22.38736439
572,190.35,9,6.985739,23.30191709
573,190.6833333,9,7.130249,23.78395056
574,191.0166667,12,7.151111,23.8535387
575,191.35,11,6.781679,22.6212462
576,191.6833333,10,7.200883,24.01956023
577,192.0166667,9,7.069251,23.58048314
578,192.35,12,7.147722,23.84223422
579,192.6833333,12,7.139972,23.816383
580,193.0166667,11,6.69559,22.3340842
581,193.35,9,7.030963,23.45276811
582,193.6833333,12,7.164791,23.89917027
583,194.0166667,12,7.127851,23.7759517
584,194.35,11,6.758533,22.54403945
585,194.6833333,11,6.668429,22.24348486
586,195.0166667,9,7.117148,23.74025033
587,195.35,12,7.127441,23.77458408
588,195.6833333,12,7.112683,23.72535669
589,196.0166667,11,6.675472,22.26697778
590,196.35,12,7.24575,24.16922043
591,196.6833333,12,7.146849,23.8393222
592,197.0166667,12,7.102356,23.69090953
593,197.35,11,6.992347,23.323959
594,197.6833333,11,6.653301,22.19302328
595,198.0166667,9,7.148902,23.84617027
596,198.35,12,7.108037,23.70985931
597,198.6833333,12,7.086645,23.63850327
598,199.0166667,11,6.680268,22.28297551
599,199.35,11,6.639966,22.14854251
600,199.6833333,12,7.136247,23.80395774
601,200.0166667,12,7.081216,23.62039408
602,200.35,11,6.964139,23.22986724
603,200.6833333,11,6.639296,22.14630763
604,201.0166667,12,7.171668,23.92210947
605,201.35,12,7.092937,23.65949113
606,201.6833333,12,7.064687,23.56525927
607,202.0166667,11,6.682122,22.28915979
608,202.35,11,6.62847,22.11019598
609,202.6833333,12,7.12647,23.77134518
610,203.0166667,12,7.06221,23.55699689
611,203.35,12,7.064822,23.56570958
612,203.6833333,11,6.627573,22.10720391
613,204.0166667,11,6.63097,22.11853508
614,204.35,12,7.079801,23.61567415
615,204.6833333,12,7.045874,23.50250586
616,205.0166667,11,6.668913,22.24509931
617,205.35,11,6.619741,22.08107917
618,205.6833333,12,7.110823,23.7191524
619,206.0166667,12,7.045032,23.49969725
620,206.35,11,6.904239,23.03006235
621,206.6833333,11,6.619545,22.08042539
622,207.0166667,11,6.622244,22.08942828
623,207.35,12,7.066546,23.57146023
624,207.6833333,12,7.032486,23.4578483
625,208.0166667,11,6.659201,22.21270356
626,208.35,11,6.613684,22.06087519
627,208.6833333,12,7.112692,23.72538671
628,209.0166667,12,7.03618,23.47017015
629,209.35,12,7.033601,23.46156754
630,209.6833333,11,6.617075,22.07218635
631,210.0166667,11,6.617661,22.07414104
632,210.35,12,7.064549,23.56479895
633,210.6833333,12,7.021879,23.42246715
634,211.0166667,11,6.84,22.81578411
635,211.35,11,6.611164,22.05246938
636,211.6833333,11,6.620928,22.08503858
637,212.0166667,12,7.03493,23.4660006
638,212.35,12,7.023506,23.42789424
639,212.6833333,11,6.637761,22.14118742
640,213.0166667,11,6.613012,22.05863364
641,213.35,12,7.063955,23.56281758
642,213.6833333,12,7.018358,23.41072236
643,214.0166667,11,6.827996,22.77574308
644,214.35,11,6.611469,22.05348675
645,214.6833333,11,6.611724,22.05433734
646,215.0166667,12,7.031864,23.45577353
647,215.35,12,7.017706,23.40854752
648,215.6833333,11,6.637298,22.13964302
649,216.0166667,11,6.609785,22.04786953
650,216.35,12,7.067587,23.57493263
651,216.6833333,10,6.886831,22.97199551
652,217.0166667,11,6.820652,22.75124613
653,217.35,11,6.613914,22.06164239
654,217.6833333,11,6.606154,22.03575782
655,218.0166667,10,6.871916,22.92224443
656,218.35,10,6.922754,23.09182174
657,218.6833333,11,6.639388,22.14661451
658,219.0166667,11,6.606905,22.03826288
659,219.35,12,7.08265,23.62517739
660,219.6833333,10,6.892975,22.99248969
661,220.0166667,10,6.975769,23.26866075
662,220.35,11,6.618219,22.07600233
663,220.6833333,11,6.603651,22.02740871
664,221.0166667,10,6.884043,22.96269575
665,221.35,10,6.932569,23.12456106
666,221.6833333,11,6.646544,22.17048436
667,222.0166667,11,6.607646,22.04073459
668,222.35,10,6.891949,22.98906732
669,222.6833333,10,6.907461,23.04080979
670,223.0166667,10,6.979232,23.28021207
671,223.35,11,6.616106,22.06895412
672,223.6833333,11,6.605017,22.03196519
673,224.0166667,10,6.899131,23.0130239
674,224.35,10,6.937284,23.14028861
675,224.6833333,11,6.76647,22.57051443
676,225.0166667,11,6.60743,22.0400141
677,225.35,11,6.613325,22.0596777
678,225.6833333,10,6.920409,23.08399966
679,226.0166667,10,6.995705,23.33516009
680,226.35,11,6.624435,22.09673667
681,226.6833333,11,6.608767,22.04447385
682,227.0166667,10,6.917432,23.07406946
683,227.35,10,6.957682,23.20832901
684,227.6833333,11,6.766511,22.57065119
685,228.0166667,11,6.614652,22.06410409
686,228.35,11,6.617021,22.07200623
687,228.6833333,10,6.93555,23.1345046
688,229.0166667,10,7.006706,23.37185547
689,229.35,11,6.645988,22.16862974
690,229.6833333,11,6.614075,22.06217943
691,230.0166667,10,6.938638,23.14480506
692,230.35,10,6.970918,23.25247955
693,230.6833333,11,6.774634,22.59774661
694,231.0166667,11,6.621226,22.0860326
695,231.35,11,6.62324,22.09275058
696,231.6833333,10,6.954399,23.1973781
697,232.0166667,10,7.013342,23.39399079
698,232.35,11,6.746343,22.50337799
699,232.6833333,11,6.622986,22.09190333
700,233.0166667,10,6.962363,23.22394315
701,233.35,10,6.985201,23.30012251
702,233.6833333,10,7.075552,23.60150101
703,234.0166667,11,6.636691,22.13761829
704,234.35,11,6.634162,22.12918245
705,234.6833333,10,6.977163,23.27331063
706,235.0166667,10,7.026378,23.4374742
707,235.35,11,6.755813,22.53496651
708,235.6833333,11,6.632974,22.12521971
709,236.0166667,9,6.865414,22.90055609
710,236.35,10,7.010547,23.38466767
711,236.6833333,12,7.079702,23.61534392
712,237.0166667,11,6.647848,22.17483403
713,237.35,11,6.639754,22.14783535
714,237.6833333,10,7.007118,23.37322976
715,238.0166667,10,7.05544,23.5344146
716,238.35,11,6.769278,22.57988091
717,238.6833333,11,6.648073,22.17558455
718,239.0166667,9,6.870989,22.91915229
719,239.35,10,7.036753,23.47208148
720,239.6833333,12,7.089511,23.64806322
721,240.0166667,11,6.672771,22.25796821
722,240.35,11,6.652013,22.18872698
723,240.6833333,9,6.952718,23.19177089
724,241.0166667,10,7.079121,23.61340591
725,241.35,11,6.782609,22.62434834
726,241.6833333,11,6.663638,22.2275038
727,242.0166667,9,6.905403,23.03394504
728,242.35,10,7.065296,23.56729068
729,242.6833333,12,7.098547,23.67820407
730,243.0166667,11,6.686714,22.30447705
731,243.35,11,6.660807,22.2180606
732,243.6833333,9,6.983944,23.29592961
733,244.0166667,10,7.106658,23.70525946
734,244.35,12,7.118559,23.74495692
735,244.6833333,11,6.680792,22.28472339
736,245.0166667,9,6.9335,23.12766654
737,245.35,10,7.093216,23.66042177
738,245.6833333,12,7.115178,23.73367912
739,246.0166667,11,6.771646,22.58777971
740,246.35,11,6.678148,22.27590395
741,246.6833333,9,7.003001,23.35949692
742,247.0166667,12,7.128581,23.77838671
743,247.35,12,7.131956,23.7896445
744,247.6833333,11,6.696728,22.33788016
745,248.0166667,9,6.962275,23.22364961
746,248.35,9,7.111656,23.72193099
747,248.6833333,12,7.129874,23.7826997
748,249.0166667,11,6.78724,22.63979569
749,249.35,10,7.161787,23.88915001
750,249.6833333,9,7.045249,23.50042108
751,250.0166667,12,7.148958,23.84635707
752,250.35,12,7.151599,23.8551665
753,250.6833333,11,6.717546,22.40732153
754,251.0166667,9,6.995224,23.33355564
755,251.35,9,7.144702,23.83216058
756,251.6833333,12,7.137579,23.80840081
757,252.0166667,11,6.793177,22.6595994
758,252.35,10,7.210346,24.0511254
759,252.6833333,9,7.071992,23.58962613
760,253.0166667,12,7.136482,23.80474161
761,253.35,12,7.135178,23.80039194
762,253.6833333,11,6.705884,22.36842129
763,254.0166667,9,7.021434,23.42098279
764,254.35,12,7.153235,23.86062361
765,254.6833333,12,7.117013,23.73980002
766,255.0166667,11,6.77527,22.59986807
767,255.35,11,6.673416,22.2601197
768,255.6833333,9,7.096055,23.66989166
769,256.0166667,12,7.117327,23.74084741
770,256.35,12,7.110425,23.71782482
771,256.6833333,11,6.728943,22.44533783
772,257.0166667,10,7.25064,24.18553171
773,257.35,12,7.140925,23.81956187
774,257.6833333,12,7.098064,23.67659296
775,258.0166667,12,7.11516,23.73361908
776,258.35,11,6.656251,22.20286342
777,258.6833333,9,7.149114,23.84687743
778,259.0166667,12,7.104792,23.69903515
779,259.35,12,7.091601,23.65503471
780,259.6833333,11,6.707681,22.37441544
781,260.0166667,11,6.637043,22.13879243
782,260.35,12,7.128238,23.77724259
783,260.6833333,12,7.083627,23.62843631
784,261.0166667,12,7.093951,23.66287347
785,261.35,11,6.640876,22.15157794
786,261.6833333,12,7.175657,23.93541535
787,262.0166667,12,7.091175,23.65361373
788,262.35,12,7.071919,23.58938263
789,262.6833333,11,6.690498,22.31709912
790,263.0166667,11,6.621909,22.08831084
791,263.35,12,7.120546,23.75158484
792,263.6833333,12,7.069743,23.58212427
793,264.0166667,12,7.075793,23.6023049
794,264.35,11,6.627833,22.10807118
795,264.6833333,11,6.615574,22.06717956
796,265.0166667,12,7.08626,23.63721905
797,265.35,12,7.057832,23.54239345
798,265.6833333,11,6.673067,22.25895556
799,266.0166667,11,6.610381,22.04985757
800,266.35,12,7.116242,23.73722824
801,266.6833333,12,7.059276,23.54721012
802,267.0166667,12,7.055964,23.53616247
803,267.35,11,6.642688,22.15762212
804,267.6833333,11,6.605431,22.03334615
805,268.0166667,12,7.084798,23.63234235
806,268.35,12,7.045894,23.50257257
807,268.6833333,11,6.860832,22.88527218
808,269.0166667,11,6.603574,22.02715186
809,269.35,12,7.12187,23.75600123
810,269.6833333,12,7.054217,23.53033511
811,270.0166667,12,7.038964,23.47945658
812,270.35,11,6.635536,22.13376562
813,270.6833333,11,6.599234,22.01267518
814,271.0166667,12,7.083137,23.62680185
815,271.35,12,7.03617,23.4701368
816,271.6833333,11,6.840269,22.8166814
817,272.0166667,11,6.597683,22.0075016
818,272.35,11,6.608119,22.04231235
819,272.6833333,12,7.050674,23.51851693
820,273.0166667,12,7.028251,23.44372186
821,273.35,11,6.631571,22.1205398
822,273.6833333,11,6.595676,22.00080697
823,274.0166667,12,7.076305,23.60401275
824,274.35,12,7.027503,23.4412268
825,274.6833333,11,6.830612,22.78446911
826,275.0166667,11,6.597188,22.00585046
827,275.35,11,6.605389,22.03320605
828,275.6833333,12,7.04815,23.51009778
829,276.0166667,10,6.934544,23.13114895
830,276.35,11,6.628974,22.11187714
831,276.6833333,11,6.595569,22.00045006
832,277.0166667,12,7.085347,23.63417361
833,277.35,10,6.896509,23.00427785
834,277.6833333,11,6.816792,22.73837056
835,278.0166667,11,6.59948,22.01349575
836,278.35,11,6.607072,22.03881994
837,278.6833333,10,6.882459,22.95741209
838,279.0166667,10,6.933079,23.12626224
839,279.35,11,6.630809,22.11799805
840,279.6833333,11,6.599256,22.01274857
841,280.0166667,12,7.095142,23.66684622
842,280.35,10,6.907112,23.03964565
843,280.6833333,10,6.978942,23.27924474
844,281.0166667,11,6.604791,22.03121134
845,281.35,11,6.610136,22.04904034
846,281.6833333,10,6.894699,22.99824034
847,282.0166667,10,6.940091,23.14965175
848,282.35,11,6.770741,22.58476095
849,282.6833333,11,6.604456,22.0300939
850,283.0166667,11,6.624939,22.09841783
851,283.35,10,6.920536,23.08442329
852,283.6833333,10,6.989765,23.31534638
853,284.0166667,11,6.611936,22.05504449
854,284.35,11,6.608542,22.04372333
855,284.6833333,10,6.91286,23.05881891
856,285.0166667,10,6.949761,23.1819074
857,285.35,11,6.764097,22.56259896
858,285.6833333,11,6.609276,22.04617169
859,286.0166667,11,6.622427,22.0900387
860,286.35,10,6.930848,23.11882042
861,286.6833333,10,6.991822,23.32220779
862,287.0166667,11,6.633456,22.12682749
863,287.35,11,6.614534,22.06371049
864,287.6833333,10,6.932895,23.12564848
865,288.0166667,10,6.960791,23.21869952
866,288.35,11,6.764174,22.5628558
867,288.6833333,11,6.615431,22.06670256
868,289.0166667,11,6.621818,22.0880073
869,289.35,10,6.947424,23.17411201
870,289.6833333,10,7.008478,23.37776623
871,290.0166667,11,6.64261,22.15736194
872,290.35,11,6.618088,22.07556536
873,290.6833333,10,6.954254,23.19689443
874,291.0166667,10,6.975516,23.26781683
875,291.35,11,6.77107,22.58585838
876,291.6833333,11,6.626982,22.10523255
877,292.0166667,11,6.626619,22.10402171
878,292.35,10,6.966582,23.23801621
879,292.6833333,10,7.025362,23.43408519
880,293.0166667,11,6.660262,22.21624268
881,293.35,11,6.626873,22.10486896
882,293.6833333,10,6.973939,23.26255653
883,294.0166667,10,6.996808,23.3388393
884,294.35,11,6.775136,22.5994211
885,294.6833333,11,6.639181,22.14592403
886,295.0166667,11,6.631225,22.11938567
887,295.35,10,6.988618,23.3115204
888,295.6833333,10,7.037252,23.47374596
889,296.0166667,11,6.674812,22.26477625
890,296.35,11,6.631835,22.12142041
891,296.6833333,9,6.892455,22.99075516
892,297.0166667,10,7.01781,23.40889443
893,297.35,12,7.091228,23.65379052
894,297.6833333,11,6.648724,22.17775605
895,298.0166667,11,6.640362,22.14986342
896,298.35,10,7.014536,23.39797354
897,298.6833333,10,7.068546,23.57813151
898,299.0166667,11,6.759197,22.54625432
899,299.35,11,6.646919,22.17173522
900,299.6833333,9,6.913366,23.06050675
901,300.0166667,10,7.043716,23.49530754
902,300.35,12,7.103761,23.6955961
903,300.6833333,11,6.665733,22.23449197
904,301.0166667,11,6.651255,22.18619856
905,301.35,9,6.987597,23.30811471
906,301.6833333,10,7.084533,23.6314584
907,302.0166667,11,6.777041,22.60577549
908,302.35,11,6.657105,22.20571206
909,302.6833333,9,6.937933,23.14245344
910,303.0166667,10,7.073724,23.59540346
911,303.35,12,7.11392,23.72948288
912,303.6833333,11,6.680185,22.28269865
913,304.0166667,9,6.896874,23.00549536
914,304.35,9,7.02635,23.4373808
915,304.6833333,12,7.118323,23.74416971
916,305.0166667,11,6.780524,22.61739353
917,305.35,11,6.676924,22.27182113
918,305.6833333,9,6.969938,23.24921063
919,306.0166667,10,7.106827,23.70582318
920,306.35,12,7.130472,23.78469441
921,306.6833333,11,6.711793,22.38813159
922,307.0166667,9,6.922744,23.09178839
923,307.35,9,7.043054,23.49309935
924,307.6833333,12,7.135924,23.80288032
925,308.0166667,11,6.796601,22.67102063
926,308.35,11,6.69344,22.32691257
927,308.6833333,9,6.995137,23.33326544
928,309.0166667,10,7.135995,23.80311716
929,309.35,12,7.14145,23.82131308
930,309.6833333,11,6.774205,22.59631562
931,310.0166667,10,7.169543,23.91502124
932,310.35,9,7.070035,23.58309828
933,310.6833333,12,7.148451,23.8446659
934,311.0166667,12,7.154356,23.86436286
935,311.35,11,6.715099,22.39915922
936,311.6833333,9,7.020125,23.41661644
937,312.0166667,12,7.159396,23.88117449
938,312.35,12,7.128267,23.77733932
939,312.6833333,11,6.765615,22.56766246
940,313.0166667,10,7.211395,24.05462448
941,313.35,9,7.093464,23.66124901
942,313.6833333,12,7.125536,23.76822969
943,314.0166667,12,7.12544,23.76790946
944,314.35,11,6.697847,22.34161274
945,314.6833333,9,7.048837,23.51238936
946,315.0166667,12,7.141366,23.82103288
947,315.35,12,7.103108,23.69341793
948,315.6833333,11,6.748936,22.5120273
949,316.0166667,11,6.679797,22.28140442
950,316.35,9,7.137883,23.80941485
951,316.6833333,12,7.101604,23.68840113
952,317.0166667,12,7.100251,23.683888
953,317.35,11,6.685328,22.29985385
954,317.6833333,12,7.225597,24.10199726
955,318.0166667,12,7.12366,23.76197202
956,318.35,12,7.082291,23.62397989
957,318.6833333,11,6.737606,22.47423449
958,319.0166667,11,6.661317,22.21976178
959,319.35,12,7.164583,23.89847646
960,319.6833333,12,7.08766,23.64188895
961,320.0166667,12,7.077821,23.60906958
962,320.35,11,6.672023,22.25547315
963,320.6833333,11,6.641074,22.1522384
964,321.0166667,12,7.108659,23.71193407
965,321.35,12,7.064167,23.56352474
966,321.6833333,11,6.945786,23.16864823
967,322.0166667,11,6.648632,22.17744917
968,322.35,12,7.149355,23.84768132
969,322.6833333,12,7.070823,23.58572676
970,323.0166667,12,7.060369,23.55085597
971,323.35,11,6.694116,22.32916747
972,323.6833333,11,6.625999,22.10195361
973,324.0166667,12,7.101119,23.68678334
974,324.35,12,7.051126,23.52002464
975,324.6833333,12,7.074224,23.59707128
976,325.0166667,11,6.630043,22.11544294
977,325.35,11,6.617349,22.07310032
978,325.6833333,12,7.061144,23.55344109
979,326.0166667,12,7.048328,23.51069152
980,326.35,11,6.678616,22.27746503
981,326.6833333,11,6.613647,22.06075178
982,327.0166667,12,7.090755,23.65221276
983,327.35,12,7.041214,23.48696177
984,327.6833333,12,7.062321,23.55736714
985,328.0166667,11,6.620498,22.08360425
986,328.35,11,6.606993,22.03855642
987,328.6833333,12,7.054214,23.5303251
988,329.0166667,12,7.039101,23.47991356
989,329.35,11,6.66736,22.23991906
990,329.6833333,11,6.603823,22.02798244
991,330.0166667,12,7.097433,23.67448817
992,330.35,12,7.036159,23.47010011
993,330.6833333,12,7.050488,23.5178965
994,331.0166667,11,6.612579,22.05718931
995,331.35,11,6.597747,22.00771508
996,331.6833333,12,7.057925,23.54270367
997,332.0166667,12,7.034108,23.46325871
998,332.35,11,6.835813,22.80181778
999,332.6833333,11,6.598904,22.01157442