NumOfSatsInConstellation,RepetitionNumber,SampleNumber,NumOfComponents
1584,0,1,1
1584,1,1,1
1584,2,1,1
1584,3,1,1
1584,4,1,1
1584,5,1,1
1584,6,1,1
1584,7,1,1
1584,8,1,1
1584,9,1,1
1584,10,1,1
1584,11,1,1
1584,12,1,1
1584,13,1,1
1584,14,1,1
1584,15,1,1
1584,16,1,1
1584,17,1,1
1584,18,1,1
1584,19,1,1
1584,20,1,1
1584,21,1,1
1584,22,1,1
1584,23,1,1
1584,24,1,1
1584,25,1,1
1584,26,1,1
1584,27,1,1
1584,28,1,1
1584,29,1,1
1584,30,1,1
1584,31,1,1
1584,32,1,1
1584,33,1,1
1584,34,1,1
1584,35,1,1
1584,36,1,1
1584,37,1,1
1584,38,1,1
1584,39,1,1
1584,40,1,1
1584,41,1,1
1584,42,1,1
1584,43,1,1
1584,44,1,1
1584,45,1,1
1584,46,1,1
1584,47,1,1
1584,48,1,1
1584,49,1,1
1584,50,1,1
1584,51,1,1
1584,52,1,1
1584,53,1,1
1584,54,1,1
1584,55,1,1
1584,56,1,1
1584,57,1,1
1584,58,1,1
1584,59,1,1
1584,60,1,1
1584,61,1,1
1584,62,1,1
1584,63,1,1
1584,64,1,1
1584,65,1,1
1584,66,1,1
1584,67,1,1
1584,68,1,1
1584,69,1,1
1584,70,1,1
1584,71,1,1
1584,72,1,1
1584,73,1,1
1584,74,1,1
1584,75,1,1
1584,76,1,1
1584,77,1,1
1584,78,1,1
1584,79,1,1
1584,80,1,1
1584,81,1,1
1584,82,1,1
1584,83,1,1
1584,84,1,1
1584,85,1,1
1584,86,1,1
1584,87,1,1
1584,88,1,1
1584,89,1,1
1584,90,1,1
1584,91,1,1
1584,92,1,1
1584,93,1,1
1584,94,1,1
1584,95,1,1
1584,96,1,1
1584,97,1,1
1584,98,1,1
1584,99,1,1
1518,0,1,1
1518,1,1,1
1518,2,1,1
1518,3,1,1
1518,4,1,1
1518,5,1,1
1518,6,1,1
1518,7,1,1
1518,8,1,1
1518,9,1,1
1518,10,1,1
1518,11,1,1
1518,12,1,1
1518,13,1,1
1518,14,1,1
1518,15,1,1
1518,16,1,1
1518,17,1,1
1518,18,1,1
1518,19,1,1
1518,20,1,1
1518,21,1,2
1518,22,1,1
1518,23,1,1
1518,24,1,1
1518,25,1,1
1518,26,1,1
1518,27,1,1
1518,28,1,1
1518,29,1,1
1518,30,1,1
1518,31,1,1
1518,32,1,1
1518,33,1,1
1518,34,1,1
1518,35,1,1
1518,36,1,1
1518,37,1,1
1518,38,1,1
1518,39,1,1
1518,40,1,1
1518,41,1,1
1518,42,1,1
1518,43,1,1
1518,44,1,1
1518,45,1,1
1518,46,1,1
1518,47,1,1
1518,48,1,1
1518,49,1,1
1518,50,1,1
1518,51,1,1
1518,52,1,1
1518,53,1,1
1518,54,1,1
1518,55,1,1
1518,56,1,1
1518,57,1,1
1518,58,1,1
1518,59,1,1
1518,60,1,1
1518,61,1,1
1518,62,1,1
1518,63,1,1
1518,64,1,1
1518,65,1,1
1518,66,1,1
1518,67,1,1
1518,68,1,1
1518,69,1,1
1518,70,1,1
1518,71,1,1
1518,72,1,1
1518,73,1,1
1518,74,1,1
1518,75,1,1
1518,76,1,1
1518,77,1,1
1518,78,1,1
1518,79,1,1
1518,80,1,1
1518,81,1,1
1518,82,1,1
1518,83,1,1
1518,84,1,1
1518,85,1,1
1518,86,1,1
1518,87,1,1
1518,88,1,1
1518,89,1,1
1518,90,1,1
1518,91,1,1
1518,92,1,1
1518,93,1,1
1518,94,1,1
1518,95,1,1
1518,96,1,1
1518,97,1,1
1518,98,1,1
1518,99,1,1
1452,0,1,1
1452,1,1,1
1452,2,1,1
1452,3,1,1
1452,4,1,1
1452,5,1,1
1452,6,1,1
1452,7,1,1
1452,8,1,2
1452,9,1,1
1452,10,1,1
1452,11,1,1
1452,12,1,1
1452,13,1,1
1452,14,1,1
1452,15,1,1
1452,16,1,1
1452,17,1,1
1452,18,1,1
1452,19,1,1
1452,20,1,1
1452,21,1,1
1452,22,1,1
1452,23,1,1
1452,24,1,1
1452,25,1,1
1452,26,1,1
1452,27,1,2
1452,28,1,1
1452,29,1,1
1452,30,1,1
1452,31,1,1
1452,32,1,1
1452,33,1,1
1452,34,1,1
1452,35,1,1
1452,36,1,1
1452,37,1,1
1452,38,1,1
1452,39,1,1
1452,40,1,2
1452,41,1,1
1452,42,1,1
1452,43,1,2
1452,44,1,1
1452,45,1,1
1452,46,1,2
1452,47,1,1
1452,48,1,1
1452,49,1,1
1452,50,1,1
1452,51,1,1
1452,52,1,1
1452,53,1,1
1452,54,1,1
1452,55,1,1
1452,56,1,1
1452,57,1,1
1452,58,1,1
1452,59,1,1
1452,60,1,1
1452,61,1,2
1452,62,1,1
1452,63,1,1
1452,64,1,2
1452,65,1,1
1452,66,1,1
1452,67,1,1
1452,68,1,1
1452,69,1,1
1452,70,1,2
1452,71,1,1
1452,72,1,1
1452,73,1,1
1452,74,1,1
1452,75,1,2
1452,76,1,1
1452,77,1,1
1452,78,1,1
1452,79,1,1
1452,80,1,1
1452,81,1,1
1452,82,1,1
1452,83,1,1
1452,84,1,1
1452,85,1,1
1452,86,1,1
1452,87,1,1
1452,88,1,1
1452,89,1,1
1452,90,1,1
1452,91,1,1
1452,92,1,1
1452,93,1,1
1452,94,1,1
1452,95,1,1
1452,96,1,1
1452,97,1,1
1452,98,1,1
1452,99,1,1
1386,0,1,1
1386,1,1,1
1386,2,1,2
1386,3,1,1
1386,4,1,1
1386,5,1,1
1386,6,1,1
1386,7,1,2
1386,8,1,2
1386,9,1,1
1386,10,1,1
1386,11,1,1
1386,12,1,2
1386,13,1,2
1386,14,1,1
1386,15,1,1
1386,16,1,1
1386,17,1,1
1386,18,1,1
1386,19,1,1
1386,20,1,2
1386,21,1,1
1386,22,1,2
1386,23,1,1
1386,24,1,1
1386,25,1,1
1386,26,1,2
1386,27,1,1
1386,28,1,1
1386,29,1,1
1386,30,1,2
1386,31,1,1
1386,32,1,1
1386,33,1,1
1386,34,1,1
1386,35,1,1
1386,36,1,3
1386,37,1,1
1386,38,1,1
1386,39,1,1
1386,40,1,1
1386,41,1,2
1386,42,1,1
1386,43,1,1
1386,44,1,1
1386,45,1,1
1386,46,1,1
1386,47,1,2
1386,48,1,1
1386,49,1,1
1386,50,1,1
1386,51,1,1
1386,52,1,1
1386,53,1,2
1386,54,1,1
1386,55,1,2
1386,56,1,2
1386,57,1,2
1386,58,1,1
1386,59,1,1
1386,60,1,3
1386,61,1,3
1386,62,1,1
1386,63,1,1
1386,64,1,1
1386,65,1,1
1386,66,1,2
1386,67,1,1
1386,68,1,1
1386,69,1,1
1386,70,1,1
1386,71,1,1
1386,72,1,1
1386,73,1,1
1386,74,1,1
1386,75,1,1
1386,76,1,2
1386,77,1,1
1386,78,1,2
1386,79,1,1
1386,80,1,1
1386,81,1,2
1386,82,1,2
1386,83,1,1
1386,84,1,1
1386,85,1,2
1386,86,1,1
1386,87,1,1
1386,88,1,2
1386,89,1,1
1386,90,1,2
1386,91,1,1
1386,92,1,3
1386,93,1,1
1386,94,1,2
1386,95,1,1
1386,96,1,1
1386,97,1,1
1386,98,1,2
1386,99,1,1
1320,0,1,1
1320,1,1,1
1320,2,1,3
1320,3,1,1
1320,4,1,3
1320,5,1,1
1320,6,1,2
1320,7,1,2
1320,8,1,2
1320,9,1,1
1320,10,1,1
1320,11,1,1
1320,12,1,1
1320,13,1,1
1320,14,1,2
1320,15,1,3
1320,16,1,2
1320,17,1,1
1320,18,1,2
1320,19,1,1
1320,20,1,2
1320,21,1,2
1320,22,1,1
1320,23,1,2
1320,24,1,2
1320,25,1,3
1320,26,1,5
1320,27,1,4
1320,28,1,3
1320,29,1,2
1320,30,1,1
1320,31,1,3
1320,32,1,2
1320,33,1,1
1320,34,1,1
1320,35,1,2
1320,36,1,2
1320,37,1,2
1320,38,1,2
1320,39,1,4
1320,40,1,5
1320,41,1,2
1320,42,1,1
1320,43,1,2
1320,44,1,3
1320,45,1,1
1320,46,1,2
1320,47,1,5
1320,48,1,1
1320,49,1,2
1320,50,1,1
1320,51,1,1
1320,52,1,2
1320,53,1,3
1320,54,1,7
1320,55,1,3
1320,56,1,1
1320,57,1,4
1320,58,1,5
1320,59,1,1
1320,60,1,2
1320,61,1,3
1320,62,1,4
1320,63,1,1
1320,64,1,1
1320,65,1,1
1320,66,1,2
1320,67,1,3
1320,68,1,1
1320,69,1,2
1320,70,1,3
1320,71,1,1
1320,72,1,2
1320,73,1,3
1320,74,1,2
1320,75,1,3
1320,76,1,2
1320,77,1,1
1320,78,1,4
1320,79,1,1
1320,80,1,1
1320,81,1,2
1320,82,1,2
1320,83,1,1
1320,84,1,1
1320,85,1,2
1320,86,1,2
1320,87,1,1
1320,88,1,2
1320,89,1,1
1320,90,1,3
1320,91,1,2
1320,92,1,2
1320,93,1,2
1320,94,1,3
1320,95,1,1
1320,96,1,3
1320,97,1,1
1320,98,1,1
1320,99,1,2
1254,0,1,3
1254,1,1,2
1254,2,1,2
1254,3,1,3
1254,4,1,4
1254,5,1,2
1254,6,1,4
1254,7,1,6
1254,8,1,5
1254,9,1,7
1254,10,1,4
1254,11,1,6
1254,12,1,5
1254,13,1,9
1254,14,1,4
1254,15,1,5
1254,16,1,4
1254,17,1,2
1254,18,1,4
1254,19,1,2
1254,20,1,3
1254,21,1,1
1254,22,1,6
1254,23,1,1
1254,24,1,1
1254,25,1,4
1254,26,1,2
1254,27,1,3
1254,28,1,4
1254,29,1,4
1254,30,1,3
1254,31,1,3
1254,32,1,5
1254,33,1,5
1254,34,1,5
1254,35,1,6
1254,36,1,2
1254,37,1,5
1254,38,1,4
1254,39,1,6
1254,40,1,2
1254,41,1,6
1254,42,1,3
1254,43,1,6
1254,44,1,2
1254,45,1,3
1254,46,1,4
1254,47,1,2
1254,48,1,2
1254,49,1,3
1254,50,1,1
1254,51,1,2
1254,52,1,5
1254,53,1,2
1254,54,1,3
1254,55,1,2
1254,56,1,8
1254,57,1,2
1254,58,1,3
1254,59,1,1
1254,60,1,4
1254,61,1,4
1254,62,1,3
1254,63,1,3
1254,64,1,7
1254,65,1,4
1254,66,1,4
1254,67,1,2
1254,68,1,4
1254,69,1,6
1254,70,1,3
1254,71,1,4
1254,72,1,2
1254,73,1,5
1254,74,1,4
1254,75,1,3
1254,76,1,5
1254,77,1,6
1254,78,1,6
1254,79,1,1
1254,80,1,3
1254,81,1,3
1254,82,1,6
1254,83,1,5
1254,84,1,3
1254,85,1,2
1254,86,1,3
1254,87,1,4
1254,88,1,2
1254,89,1,4
1254,90,1,4
1254,91,1,4
1254,92,1,3
1254,93,1,1
1254,94,1,3
1254,95,1,1
1254,96,1,3
1254,97,1,3
1254,98,1,3
1254,99,1,4
1188,0,1,6
1188,1,1,7
1188,2,1,12
1188,3,1,4
1188,4,1,8
1188,5,1,7
1188,6,1,7
1188,7,1,5
1188,8,1,5
1188,9,1,9
1188,10,1,12
1188,11,1,5
1188,12,1,4
1188,13,1,7
1188,14,1,4
1188,15,1,8
1188,16,1,6
1188,17,1,7
1188,18,1,5
1188,19,1,5
1188,20,1,7
1188,21,1,6
1188,22,1,4
1188,23,1,13
1188,24,1,10
1188,25,1,6
1188,26,1,8
1188,27,1,5
1188,28,1,8
1188,29,1,4
1188,30,1,10
1188,31,1,6
1188,32,1,6
1188,33,1,7
1188,34,1,6
1188,35,1,5
1188,36,1,8
1188,37,1,8
1188,38,1,4
1188,39,1,6
1188,40,1,5
1188,41,1,5
1188,42,1,11
1188,43,1,6
1188,44,1,9
1188,45,1,8
1188,46,1,5
1188,47,1,4
1188,48,1,16
1188,49,1,9
1188,50,1,7
1188,51,1,6
1188,52,1,7
1188,53,1,5
1188,54,1,6
1188,55,1,4
1188,56,1,6
1188,57,1,5
1188,58,1,6
1188,59,1,8
1188,60,1,6
1188,61,1,7
1188,62,1,10
1188,63,1,6
1188,64,1,7
1188,65,1,7
1188,66,1,5
1188,67,1,11
1188,68,1,6
1188,69,1,7
1188,70,1,7
1188,71,1,5
1188,72,1,5
1188,73,1,5
1188,74,1,11
1188,75,1,12
1188,76,1,7
1188,77,1,5
1188,78,1,5
1188,79,1,12
1188,80,1,9
1188,81,1,8
1188,82,1,5
1188,83,1,7
1188,84,1,7
1188,85,1,12
1188,86,1,3
1188,87,1,9
1188,88,1,7
1188,89,1,7
1188,90,1,8
1188,91,1,4
1188,92,1,3
1188,93,1,4
1188,94,1,6
1188,95,1,6
1188,96,1,4
1188,97,1,9
1188,98,1,5
1188,99,1,3
1122,0,1,15
1122,1,1,14
1122,2,1,7
1122,3,1,8
1122,4,1,3
1122,5,1,15
1122,6,1,7
1122,7,1,16
1122,8,1,8
1122,9,1,8
1122,10,1,9
1122,11,1,15
1122,12,1,16
1122,13,1,5
1122,14,1,6
1122,15,1,11
1122,16,1,14
1122,17,1,8
1122,18,1,11
1122,19,1,10
1122,20,1,13
1122,21,1,5
1122,22,1,12
1122,23,1,7
1122,24,1,9
1122,25,1,10
1122,26,1,14
1122,27,1,11
1122,28,1,8
1122,29,1,14
1122,30,1,17
1122,31,1,8
1122,32,1,17
1122,33,1,14
1122,34,1,12
1122,35,1,12
1122,36,1,7
1122,37,1,12
1122,38,1,10
1122,39,1,13
1122,40,1,14
1122,41,1,14
1122,42,1,15
1122,43,1,10
1122,44,1,10
1122,45,1,12
1122,46,1,11
1122,47,1,9
1122,48,1,14
1122,49,1,10
1122,50,1,11
1122,51,1,20
1122,52,1,10
1122,53,1,8
1122,54,1,11
1122,55,1,5
1122,56,1,11
1122,57,1,14
1122,58,1,8
1122,59,1,7
1122,60,1,9
1122,61,1,9
1122,62,1,11
1122,63,1,15
1122,64,1,9
1122,65,1,14
1122,66,1,12
1122,67,1,16
1122,68,1,14
1122,69,1,12
1122,70,1,9
1122,71,1,5
1122,72,1,11
1122,73,1,12
1122,74,1,13
1122,75,1,11
1122,76,1,13
1122,77,1,14
1122,78,1,9
1122,79,1,17
1122,80,1,10
1122,81,1,10
1122,82,1,8
1122,83,1,14
1122,84,1,10
1122,85,1,9
1122,86,1,8
1122,87,1,12
1122,88,1,7
1122,89,1,10
1122,90,1,8
1122,91,1,11
1122,92,1,11
1122,93,1,9
1122,94,1,11
1122,95,1,14
1122,96,1,6
1122,97,1,14
1122,98,1,13
1122,99,1,19
1056,0,1,14
1056,1,1,22
1056,2,1,20
1056,3,1,24
1056,4,1,14
1056,5,1,17
1056,6,1,15
1056,7,1,21
1056,8,1,20
1056,9,1,15
1056,10,1,19
1056,11,1,20
1056,12,1,17
1056,13,1,15
1056,14,1,18
1056,15,1,12
1056,16,1,18
1056,17,1,13
1056,18,1,23
1056,19,1,19
1056,20,1,18
1056,21,1,25
1056,22,1,24
1056,23,1,21
1056,24,1,17
1056,25,1,17
1056,26,1,20
1056,27,1,17
1056,28,1,21
1056,29,1,22
1056,30,1,20
1056,31,1,14
1056,32,1,15
1056,33,1,19
1056,34,1,19
1056,35,1,16
1056,36,1,18
1056,37,1,15
1056,38,1,15
1056,39,1,20
1056,40,1,23
1056,41,1,11
1056,42,1,21
1056,43,1,26
1056,44,1,22
1056,45,1,19
1056,46,1,17
1056,47,1,18
1056,48,1,17
1056,49,1,14
1056,50,1,21
1056,51,1,19
1056,52,1,19
1056,53,1,16
1056,54,1,24
1056,55,1,16
1056,56,1,24
1056,57,1,19
1056,58,1,21
1056,59,1,14
1056,60,1,20
1056,61,1,13
1056,62,1,26
1056,63,1,21
1056,64,1,17
1056,65,1,11
1056,66,1,21
1056,67,1,13
1056,68,1,21
1056,69,1,18
1056,70,1,15
1056,71,1,18
1056,72,1,16
1056,73,1,14
1056,74,1,12
1056,75,1,15
1056,76,1,16
1056,77,1,17
1056,78,1,21
1056,79,1,17
1056,80,1,10
1056,81,1,20
1056,82,1,21
1056,83,1,18
1056,84,1,10
1056,85,1,26
1056,86,1,23
1056,87,1,18
1056,88,1,20
1056,89,1,14
1056,90,1,19
1056,91,1,13
1056,92,1,17
1056,93,1,23
1056,94,1,18
1056,95,1,9
1056,96,1,19
1056,97,1,17
1056,98,1,20
1056,99,1,15
990,0,1,46
990,1,1,33
990,2,1,31
990,3,1,31
990,4,1,27
990,5,1,33
990,6,1,25
990,7,1,30
990,8,1,25
990,9,1,25
990,10,1,29
990,11,1,42
990,12,1,27
990,13,1,30
990,14,1,27
990,15,1,43
990,16,1,28
990,17,1,40
990,18,1,35
990,19,1,40
990,20,1,27
990,21,1,26
990,22,1,27
990,23,1,35
990,24,1,28
990,25,1,27
990,26,1,28
990,27,1,36
990,28,1,42
990,29,1,27
990,30,1,29
990,31,1,32
990,32,1,25
990,33,1,33
990,34,1,34
990,35,1,30
990,36,1,26
990,37,1,38
990,38,1,25
990,39,1,31
990,40,1,32
990,41,1,28
990,42,1,23
990,43,1,25
990,44,1,24
990,45,1,34
990,46,1,24
990,47,1,40
990,48,1,26
990,49,1,34
990,50,1,31
990,51,1,29
990,52,1,30
990,53,1,30
990,54,1,30
990,55,1,26
990,56,1,27
990,57,1,39
990,58,1,38
990,59,1,27
990,60,1,30
990,61,1,32
990,62,1,38
990,63,1,38
990,64,1,33
990,65,1,23
990,66,1,41
990,67,1,42
990,68,1,38
990,69,1,27
990,70,1,30
990,71,1,39
990,72,1,26
990,73,1,25
990,74,1,32
990,75,1,29
990,76,1,26
990,77,1,25
990,78,1,22
990,79,1,37
990,80,1,33
990,81,1,33
990,82,1,43
990,83,1,31
990,84,1,38
990,85,1,34
990,86,1,28
990,87,1,26
990,88,1,24
990,89,1,35
990,90,1,31
990,91,1,22
990,92,1,33
990,93,1,34
990,94,1,38
990,95,1,31
990,96,1,25
990,97,1,29
990,98,1,32
990,99,1,27
924,0,1,62
924,1,1,38
924,2,1,52
924,3,1,57
924,4,1,39
924,5,1,52
924,6,1,48
924,7,1,56
924,8,1,57
924,9,1,40
924,10,1,49
924,11,1,36
924,12,1,44
924,13,1,36
924,14,1,54
924,15,1,49
924,16,1,41
924,17,1,45
924,18,1,48
924,19,1,56
924,20,1,58
924,21,1,43
924,22,1,62
924,23,1,52
924,24,1,62
924,25,1,62
924,26,1,52
924,27,1,46
924,28,1,50
924,29,1,52
924,30,1,40
924,31,1,53
924,32,1,44
924,33,1,55
924,34,1,60
924,35,1,46
924,36,1,37
924,37,1,56
924,38,1,52
924,39,1,43
924,40,1,44
924,41,1,46
924,42,1,50
924,43,1,58
924,44,1,51
924,45,1,48
924,46,1,49
924,47,1,31
924,48,1,39
924,49,1,50
924,50,1,45
924,51,1,48
924,52,1,49
924,53,1,48
924,54,1,37
924,55,1,62
924,56,1,53
924,57,1,49
924,58,1,52
924,59,1,57
924,60,1,49
924,61,1,50
924,62,1,51
924,63,1,37
924,64,1,51
924,65,1,44
924,66,1,62
924,67,1,43
924,68,1,52
924,69,1,47
924,70,1,40
924,71,1,48
924,72,1,60
924,73,1,51
924,74,1,45
924,75,1,50
924,76,1,44
924,77,1,61
924,78,1,45
924,79,1,59
924,80,1,50
924,81,1,49
924,82,1,55
924,83,1,58
924,84,1,42
924,85,1,38
924,86,1,51
924,87,1,59
924,88,1,40
924,89,1,50
924,90,1,51
924,91,1,53
924,92,1,60
924,93,1,44
924,94,1,50
924,95,1,51
924,96,1,39
924,97,1,42
924,98,1,53
924,99,1,46
858,0,1,83
858,1,1,64
858,2,1,78
858,3,1,61
858,4,1,80
858,5,1,69
858,6,1,85
858,7,1,88
858,8,1,72
858,9,1,83
858,10,1,63
858,11,1,85
858,12,1,78
858,13,1,56
858,14,1,69
858,15,1,80
858,16,1,72
858,17,1,77
858,18,1,73
858,19,1,83
858,20,1,87
858,21,1,70
858,22,1,63
858,23,1,85
858,24,1,72
858,25,1,69
858,26,1,66
858,27,1,88
858,28,1,74
858,29,1,66
858,30,1,81
858,31,1,74
858,32,1,62
858,33,1,77
858,34,1,75
858,35,1,86
858,36,1,72
858,37,1,73
858,38,1,71
858,39,1,84
858,40,1,79
858,41,1,86
858,42,1,75
858,43,1,71
858,44,1,75
858,45,1,66
858,46,1,64
858,47,1,51
858,48,1,72
858,49,1,86
858,50,1,72
858,51,1,80
858,52,1,79
858,53,1,82
858,54,1,75
858,55,1,75
858,56,1,83
858,57,1,85
858,58,1,97
858,59,1,80
858,60,1,73
858,61,1,74
858,62,1,69
858,63,1,65
858,64,1,76
858,65,1,76
858,66,1,78
858,67,1,80
858,68,1,76
858,69,1,65
858,70,1,72
858,71,1,66
858,72,1,69
858,73,1,58
858,74,1,87
858,75,1,68
858,76,1,78
858,77,1,83
858,78,1,80
858,79,1,68
858,80,1,76
858,81,1,82
858,82,1,67
858,83,1,71
858,84,1,74
858,85,1,74
858,86,1,67
858,87,1,82
858,88,1,72
858,89,1,75
858,90,1,65
858,91,1,80
858,92,1,84
858,93,1,66
858,94,1,70
858,95,1,80
858,96,1,81
858,97,1,83
858,98,1,66
858,99,1,78
792,0,1,96
792,1,1,99
792,2,1,104
792,3,1,91
792,4,1,112
792,5,1,108
792,6,1,103
792,7,1,110
792,8,1,109
792,9,1,94
792,10,1,112
792,11,1,99
792,12,1,96
792,13,1,92
792,14,1,97
792,15,1,99
792,16,1,96
792,17,1,102
792,18,1,91
792,19,1,97
792,20,1,101
792,21,1,99
792,22,1,95
792,23,1,107
792,24,1,99
792,25,1,103
792,26,1,86
792,27,1,104
792,28,1,104
792,29,1,116
792,30,1,117
792,31,1,98
792,32,1,126
792,33,1,114
792,34,1,111
792,35,1,105
792,36,1,89
792,37,1,109
792,38,1,106
792,39,1,100
792,40,1,92
792,41,1,102
792,42,1,94
792,43,1,97
792,44,1,104
792,45,1,97
792,46,1,86
792,47,1,108
792,48,1,106
792,49,1,95
792,50,1,96
792,51,1,112
792,52,1,100
792,53,1,89
792,54,1,89
792,55,1,98
792,56,1,108
792,57,1,102
792,58,1,109
792,59,1,102
792,60,1,93
792,61,1,87
792,62,1,104
792,63,1,82
792,64,1,76
792,65,1,109
792,66,1,105
792,67,1,117
792,68,1,96
792,69,1,113
792,70,1,110
792,71,1,111
792,72,1,101
792,73,1,88
792,74,1,110
792,75,1,116
792,76,1,105
792,77,1,101
792,78,1,93
792,79,1,109
792,80,1,115
792,81,1,92
792,82,1,95
792,83,1,96
792,84,1,99
792,85,1,104
792,86,1,101
792,87,1,103
792,88,1,100
792,89,1,102
792,90,1,106
792,91,1,114
792,92,1,99
792,93,1,111
792,94,1,113
792,95,1,117
792,96,1,113
792,97,1,104
792,98,1,113
792,99,1,126
726,0,1,145
726,1,1,130
726,2,1,122
726,3,1,130
726,4,1,132
726,5,1,132
726,6,1,141
726,7,1,126
726,8,1,134
726,9,1,137
726,10,1,126
726,11,1,145
726,12,1,139
726,13,1,122
726,14,1,121
726,15,1,125
726,16,1,141
726,17,1,131
726,18,1,136
726,19,1,129
726,20,1,150
726,21,1,127
726,22,1,139
726,23,1,127
726,24,1,150
726,25,1,128
726,26,1,115
726,27,1,130
726,28,1,113
726,29,1,147
726,30,1,134
726,31,1,116
726,32,1,143
726,33,1,127
726,34,1,139
726,35,1,148
726,36,1,118
726,37,1,128
726,38,1,127
726,39,1,133
726,40,1,121
726,41,1,142
726,42,1,154
726,43,1,138
726,44,1,114
726,45,1,143
726,46,1,132
726,47,1,124
726,48,1,136
726,49,1,141
726,50,1,146
726,51,1,111
726,52,1,115
726,53,1,146
726,54,1,154
726,55,1,115
726,56,1,121
726,57,1,116
726,58,1,151
726,59,1,135
726,60,1,118
726,61,1,135
726,62,1,145
726,63,1,143
726,64,1,150
726,65,1,138
726,66,1,134
726,67,1,128
726,68,1,115
726,69,1,117
726,70,1,123
726,71,1,127
726,72,1,148
726,73,1,118
726,74,1,138
726,75,1,133
726,76,1,106
726,77,1,137
726,78,1,122
726,79,1,121
726,80,1,125
726,81,1,128
726,82,1,122
726,83,1,128
726,84,1,145
726,85,1,142
726,86,1,141
726,87,1,124
726,88,1,128
726,89,1,140
726,90,1,135
726,91,1,124
726,92,1,135
726,93,1,139
726,94,1,126
726,95,1,130
726,96,1,144
726,97,1,132
726,98,1,135
726,99,1,135
660,0,1,151
660,1,1,163
660,2,1,145
660,3,1,154
660,4,1,161
660,5,1,166
660,6,1,152
660,7,1,161
660,8,1,160
660,9,1,161
660,10,1,149
660,11,1,160
660,12,1,150
660,13,1,174
660,14,1,159
660,15,1,159
660,16,1,149
660,17,1,164
660,18,1,173
660,19,1,153
660,20,1,151
660,21,1,156
660,22,1,172
660,23,1,157
660,24,1,169
660,25,1,140
660,26,1,162
660,27,1,165
660,28,1,159
660,29,1,172
660,30,1,163
660,31,1,183
660,32,1,171
660,33,1,164
660,34,1,166
660,35,1,160
660,36,1,155
660,37,1,164
660,38,1,156
660,39,1,178
660,40,1,140
660,41,1,148
660,42,1,149
660,43,1,161
660,44,1,168
660,45,1,153
660,46,1,164
660,47,1,159
660,48,1,152
660,49,1,150
660,50,1,140
660,51,1,157
660,52,1,173
660,53,1,155
660,54,1,151
660,55,1,161
660,56,1,161
660,57,1,159
660,58,1,167
660,59,1,147
660,60,1,143
660,61,1,160
660,62,1,166
660,63,1,159
660,64,1,164
660,65,1,139
660,66,1,169
660,67,1,142
660,68,1,175
660,69,1,173
660,70,1,171
660,71,1,160
660,72,1,154
660,73,1,148
660,74,1,168
660,75,1,165
660,76,1,148
660,77,1,161
660,78,1,156
660,79,1,142
660,80,1,176
660,81,1,156
660,82,1,153
660,83,1,163
660,84,1,144
660,85,1,145
660,86,1,157
660,87,1,172
660,88,1,161
660,89,1,159
660,90,1,152
660,91,1,146
660,92,1,139
660,93,1,145
660,94,1,149
660,95,1,152
660,96,1,159
660,97,1,163
660,98,1,170
660,99,1,154
594,0,1,174
594,1,1,183
594,2,1,176
594,3,1,191
594,4,1,190
594,5,1,177
594,6,1,196
594,7,1,179
594,8,1,178
594,9,1,172
594,10,1,174
594,11,1,165
594,12,1,189
594,13,1,209
594,14,1,158
594,15,1,162
594,16,1,150
594,17,1,188
594,18,1,166
594,19,1,170
594,20,1,197
594,21,1,177
594,22,1,182
594,23,1,179
594,24,1,190
594,25,1,177
594,26,1,178
594,27,1,201
594,28,1,168
594,29,1,174
594,30,1,190
594,31,1,184
594,32,1,185
594,33,1,194
594,34,1,168
594,35,1,171
594,36,1,200
594,37,1,156
594,38,1,192
594,39,1,203
594,40,1,168
594,41,1,173
594,42,1,180
594,43,1,170
594,44,1,200
594,45,1,186
594,46,1,178
594,47,1,192
594,48,1,155
594,49,1,188
594,50,1,189
594,51,1,189
594,52,1,174
594,53,1,185
594,54,1,183
594,55,1,184
594,56,1,192
594,57,1,189
594,58,1,175
594,59,1,158
594,60,1,158
594,61,1,184
594,62,1,170
594,63,1,199
594,64,1,178
594,65,1,198
594,66,1,175
594,67,1,182
594,68,1,191
594,69,1,178
594,70,1,195
594,71,1,193
594,72,1,189
594,73,1,183
594,74,1,170
594,75,1,186
594,76,1,170
594,77,1,184
594,78,1,173
594,79,1,192
594,80,1,169
594,81,1,207
594,82,1,165
594,83,1,177
594,84,1,170
594,85,1,177
594,86,1,174
594,87,1,176
594,88,1,169
594,89,1,177
594,90,1,192
594,91,1,184
594,92,1,174
594,93,1,158
594,94,1,187
594,95,1,166
594,96,1,187
594,97,1,169
594,98,1,177
594,99,1,180
528,0,1,188
528,1,1,219
528,2,1,182
528,3,1,211
528,4,1,206
528,5,1,171
528,6,1,189
528,7,1,195
528,8,1,210
528,9,1,195
528,10,1,219
528,11,1,203
528,12,1,173
528,13,1,200
528,14,1,199
528,15,1,212
528,16,1,186
528,17,1,204
528,18,1,186
528,19,1,216
528,20,1,193
528,21,1,201
528,22,1,202
528,23,1,193
528,24,1,209
528,25,1,181
528,26,1,214
528,27,1,196
528,28,1,198
528,29,1,204
528,30,1,195
528,31,1,195
528,32,1,189
528,33,1,197
528,34,1,205
528,35,1,188
528,36,1,199
528,37,1,208
528,38,1,202
528,39,1,206
528,40,1,206
528,41,1,201
528,42,1,195
528,43,1,179
528,44,1,212
528,45,1,176
528,46,1,206
528,47,1,175
528,48,1,189
528,49,1,196
528,50,1,202
528,51,1,183
528,52,1,191
528,53,1,194
528,54,1,202
528,55,1,190
528,56,1,193
528,57,1,208
528,58,1,199
528,59,1,188
528,60,1,196
528,61,1,202
528,62,1,207
528,63,1,202
528,64,1,189
528,65,1,213
528,66,1,194
528,67,1,197
528,68,1,183
528,69,1,200
528,70,1,187
528,71,1,191
528,72,1,182
528,73,1,213
528,74,1,209
528,75,1,219
528,76,1,182
528,77,1,195
528,78,1,191
528,79,1,193
528,80,1,204
528,81,1,174
528,82,1,199
528,83,1,183
528,84,1,190
528,85,1,200
528,86,1,194
528,87,1,197
528,88,1,200
528,89,1,211
528,90,1,176
528,91,1,189
528,92,1,198
528,93,1,198
528,94,1,197
528,95,1,202
528,96,1,208
528,97,1,198
528,98,1,196
528,99,1,198
462,0,1,211
462,1,1,192
462,2,1,195
462,3,1,209
462,4,1,199
462,5,1,206
462,6,1,197
462,7,1,188
462,8,1,208
462,9,1,199
462,10,1,186
462,11,1,215
462,12,1,193
462,13,1,203
462,14,1,201
462,15,1,206
462,16,1,213
462,17,1,204
462,18,1,196
462,19,1,192
462,20,1,190
462,21,1,199
462,22,1,203
462,23,1,199
462,24,1,189
462,25,1,196
462,26,1,212
462,27,1,204
462,28,1,188
462,29,1,204
462,30,1,218
462,31,1,200
462,32,1,190
462,33,1,190
462,34,1,206
462,35,1,199
462,36,1,193
462,37,1,192
462,38,1,207
462,39,1,207
462,40,1,187
462,41,1,194
462,42,1,208
462,43,1,218
462,44,1,200
462,45,1,213
462,46,1,209
462,47,1,209
462,48,1,205
462,49,1,204
462,50,1,184
462,51,1,206
462,52,1,185
462,53,1,189
462,54,1,205
462,55,1,208
462,56,1,196
462,57,1,192
462,58,1,194
462,59,1,199
462,60,1,200
462,61,1,183
462,62,1,219
462,63,1,209
462,64,1,223
462,65,1,202
462,66,1,195
462,67,1,204
462,68,1,199
462,69,1,194
462,70,1,213
462,71,1,211
462,72,1,211
462,73,1,202
462,74,1,212
462,75,1,206
462,76,1,208
462,77,1,213
462,78,1,192
462,79,1,209
462,80,1,201
462,81,1,202
462,82,1,197
462,83,1,195
462,84,1,201
462,85,1,190
462,86,1,199
462,87,1,188
462,88,1,210
462,89,1,211
462,90,1,199
462,91,1,190
462,92,1,190
462,93,1,200
462,94,1,219
462,95,1,181
462,96,1,215
462,97,1,201
462,98,1,212
462,99,1,209
396,0,1,197
396,1,1,216
396,2,1,200
396,3,1,224
396,4,1,210
396,5,1,201
396,6,1,214
396,7,1,210
396,8,1,195
396,9,1,195
396,10,1,208
396,11,1,198
396,12,1,212
396,13,1,208
396,14,1,218
396,15,1,197
396,16,1,194
396,17,1,217
396,18,1,191
396,19,1,195
396,20,1,202
396,21,1,224
396,22,1,179
396,23,1,195
396,24,1,191
396,25,1,207
396,26,1,211
396,27,1,210
396,28,1,200
396,29,1,200
396,30,1,200
396,31,1,204
396,32,1,193
396,33,1,219
396,34,1,206
396,35,1,199
396,36,1,203
396,37,1,191
396,38,1,193
396,39,1,213
396,40,1,194
396,41,1,191
396,42,1,198
396,43,1,196
396,44,1,209
396,45,1,223
396,46,1,201
396,47,1,207
396,48,1,204
396,49,1,207
396,50,1,216
396,51,1,219
396,52,1,197
396,53,1,209
396,54,1,204
396,55,1,204
396,56,1,193
396,57,1,218
396,58,1,207
396,59,1,209
396,60,1,207
396,61,1,208
396,62,1,208
396,63,1,207
396,64,1,176
396,65,1,194
396,66,1,195
396,67,1,204
396,68,1,199
396,69,1,209
396,70,1,208
396,71,1,211
396,72,1,196
396,73,1,215
396,74,1,207
396,75,1,201
396,76,1,199
396,77,1,194
396,78,1,211
396,79,1,213
396,80,1,192
396,81,1,204
396,82,1,203
396,83,1,214
396,84,1,198
396,85,1,211
396,86,1,205
396,87,1,207
396,88,1,208
396,89,1,200
396,90,1,187
396,91,1,206
396,92,1,205
396,93,1,202
396,94,1,207
396,95,1,221
396,96,1,195
396,97,1,203
396,98,1,198
396,99,1,201
330,0,1,196
330,1,1,190
330,2,1,191
330,3,1,188
330,4,1,190
330,5,1,197
330,6,1,199
330,7,1,196
330,8,1,201
330,9,1,185
330,10,1,190
330,11,1,189
330,12,1,203
330,13,1,197
330,14,1,209
330,15,1,186
330,16,1,194
330,17,1,200
330,18,1,191
330,19,1,197
330,20,1,213
330,21,1,190
330,22,1,200
330,23,1,205
330,24,1,179
330,25,1,200
330,26,1,198
330,27,1,207
330,28,1,191
330,29,1,201
330,30,1,192
330,31,1,178
330,32,1,191
330,33,1,193
330,34,1,201
330,35,1,201
330,36,1,192
330,37,1,185
330,38,1,196
330,39,1,197
330,40,1,200
330,41,1,184
330,42,1,181
330,43,1,189
330,44,1,190
330,45,1,197
330,46,1,194
330,47,1,194
330,48,1,185
330,49,1,195
330,50,1,204
330,51,1,209
330,52,1,188
330,53,1,197
330,54,1,191
330,55,1,192
330,56,1,198
330,57,1,208
330,58,1,198
330,59,1,197
330,60,1,211
330,61,1,187
330,62,1,173
330,63,1,192
330,64,1,193
330,65,1,204
330,66,1,188
330,67,1,196
330,68,1,206
330,69,1,204
330,70,1,198
330,71,1,215
330,72,1,205
330,73,1,198
330,74,1,200
330,75,1,176
330,76,1,194
330,77,1,196
330,78,1,205
330,79,1,211
330,80,1,196
330,81,1,207
330,82,1,190
330,83,1,183
330,84,1,197
330,85,1,197
330,86,1,196
330,87,1,199
330,88,1,192
330,89,1,192
330,90,1,207
330,91,1,202
330,92,1,182
330,93,1,207
330,94,1,208
330,95,1,198
330,96,1,179
330,97,1,188
330,98,1,194
330,99,1,199
264,0,1,168
264,1,1,182
264,2,1,183
264,3,1,177
264,4,1,167
264,5,1,167
264,6,1,184
264,7,1,188
264,8,1,184
264,9,1,173
264,10,1,170
264,11,1,172
264,12,1,180
264,13,1,185
264,14,1,169
264,15,1,175
264,16,1,178
264,17,1,166
264,18,1,187
264,19,1,175
264,20,1,172
264,21,1,174
264,22,1,200
264,23,1,167
264,24,1,183
264,25,1,188
264,26,1,190
264,27,1,175
264,28,1,166
264,29,1,179
264,30,1,175
264,31,1,169
264,32,1,178
264,33,1,176
264,34,1,177
264,35,1,177
264,36,1,168
264,37,1,174
264,38,1,160
264,39,1,166
264,40,1,171
264,41,1,167
264,42,1,177
264,43,1,171
264,44,1,180
264,45,1,173
264,46,1,179
264,47,1,171
264,48,1,170
264,49,1,188
264,50,1,169
264,51,1,175
264,52,1,167
264,53,1,167
264,54,1,173
264,55,1,180
264,56,1,192
264,57,1,181
264,58,1,185
264,59,1,183
264,60,1,182
264,61,1,175
264,62,1,170
264,63,1,175
264,64,1,186
264,65,1,167
264,66,1,180
264,67,1,180
264,68,1,169
264,69,1,176
264,70,1,174
264,71,1,191
264,72,1,179
264,73,1,184
264,74,1,188
264,75,1,181
264,76,1,175
264,77,1,178
264,78,1,183
264,79,1,173
264,80,1,173
264,81,1,184
264,82,1,182
264,83,1,190
264,84,1,179
264,85,1,172
264,86,1,187
264,87,1,183
264,88,1,171
264,89,1,175
264,90,1,182
264,91,1,188
264,92,1,177
264,93,1,172
264,94,1,186
264,95,1,178
264,96,1,178
264,97,1,189
264,98,1,163
264,99,1,181
198,0,1,138
198,1,1,154
198,2,1,150
198,3,1,145
198,4,1,146
198,5,1,147
198,6,1,151
198,7,1,151
198,8,1,150
198,9,1,150
198,10,1,149
198,11,1,155
198,12,1,155
198,13,1,151
198,14,1,158
198,15,1,150
198,16,1,148
198,17,1,146
198,18,1,153
198,19,1,148
198,20,1,154
198,21,1,152
198,22,1,154
198,23,1,154
198,24,1,147
198,25,1,152
198,26,1,149
198,27,1,142
198,28,1,157
198,29,1,143
198,30,1,143
198,31,1,144
198,32,1,146
198,33,1,145
198,34,1,148
198,35,1,153
198,36,1,155
198,37,1,146
198,38,1,149
198,39,1,140
198,40,1,157
198,41,1,155
198,42,1,141
198,43,1,152
198,44,1,146
198,45,1,145
198,46,1,152
198,47,1,140
198,48,1,145
198,49,1,161
198,50,1,153
198,51,1,156
198,52,1,159
198,53,1,158
198,54,1,151
198,55,1,142
198,56,1,145
198,57,1,151
198,58,1,139
198,59,1,143
198,60,1,160
198,61,1,149
198,62,1,151
198,63,1,146
198,64,1,140
198,65,1,146
198,66,1,136
198,67,1,144
198,68,1,140
198,69,1,148
198,70,1,143
198,71,1,148
198,72,1,145
198,73,1,157
198,74,1,158
198,75,1,153
198,76,1,143
198,77,1,150
198,78,1,148
198,79,1,153
198,80,1,159
198,81,1,157
198,82,1,149
198,83,1,144
198,84,1,149
198,85,1,153
198,86,1,144
198,87,1,159
198,88,1,154
198,89,1,142
198,90,1,148
198,91,1,138
198,92,1,148
198,93,1,150
198,94,1,143
198,95,1,138
198,96,1,151
198,97,1,145
198,98,1,157
198,99,1,135
132,0,1,111
132,1,1,112
132,2,1,107
132,3,1,107
132,4,1,111
132,5,1,112
132,6,1,111
132,7,1,104
132,8,1,111
132,9,1,110
132,10,1,111
132,11,1,114
132,12,1,110
132,13,1,114
132,14,1,107
132,15,1,106
132,16,1,109
132,17,1,103
132,18,1,113
132,19,1,109
132,20,1,108
132,21,1,115
132,22,1,117
132,23,1,111
132,24,1,110
132,25,1,110
132,26,1,108
132,27,1,117
132,28,1,108
132,29,1,111
132,30,1,111
132,31,1,117
132,32,1,112
132,33,1,110
132,34,1,113
132,35,1,108
132,36,1,105
132,37,1,114
132,38,1,111
132,39,1,110
132,40,1,112
132,41,1,112
132,42,1,111
132,43,1,112
132,44,1,111
132,45,1,109
132,46,1,107
132,47,1,110
132,48,1,115
132,49,1,106
132,50,1,111
132,51,1,103
132,52,1,112
132,53,1,109
132,54,1,104
132,55,1,110
132,56,1,103
132,57,1,110
132,58,1,122
132,59,1,112
132,60,1,112
132,61,1,115
132,62,1,119
132,63,1,110
132,64,1,105
132,65,1,107
132,66,1,113
132,67,1,111
132,68,1,115
132,69,1,114
132,70,1,101
132,71,1,107
132,72,1,111
132,73,1,107
132,74,1,108
132,75,1,109
132,76,1,109
132,77,1,111
132,78,1,109
132,79,1,109
132,80,1,114
132,81,1,107
132,82,1,110
132,83,1,106
132,84,1,104
132,85,1,107
132,86,1,108
132,87,1,106
132,88,1,114
132,89,1,111
132,90,1,110
132,91,1,114
132,92,1,115
132,93,1,106
132,94,1,104
132,95,1,116
132,96,1,118
132,97,1,113
132,98,1,116
132,99,1,110
66,0,1,63
66,1,1,62
66,2,1,60
66,3,1,57
66,4,1,60
66,5,1,60
66,6,1,62
66,7,1,59
66,8,1,62
66,9,1,61
66,10,1,59
66,11,1,62
66,12,1,62
66,13,1,61
66,14,1,60
66,15,1,61
66,16,1,57
66,17,1,61
66,18,1,61
66,19,1,65
66,20,1,63
66,21,1,61
66,22,1,63
66,23,1,63
66,24,1,63
66,25,1,57
66,26,1,60
66,27,1,61
66,28,1,58
66,29,1,61
66,30,1,63
66,31,1,61
66,32,1,63
66,33,1,62
66,34,1,57
66,35,1,60
66,36,1,63
66,37,1,58
66,38,1,61
66,39,1,61
66,40,1,60
66,41,1,63
66,42,1,58
66,43,1,63
66,44,1,63
66,45,1,62
66,46,1,60
66,47,1,57
66,48,1,59
66,49,1,59
66,50,1,61
66,51,1,62
66,52,1,61
66,53,1,59
66,54,1,60
66,55,1,63
66,56,1,59
66,57,1,61
66,58,1,64
66,59,1,63
66,60,1,61
66,61,1,60
66,62,1,60
66,63,1,59
66,64,1,62
66,65,1,60
66,66,1,60
66,67,1,60
66,68,1,65
66,69,1,57
66,70,1,64
66,71,1,63
66,72,1,59
66,73,1,61
66,74,1,62
66,75,1,63
66,76,1,58
66,77,1,55
66,78,1,62
66,79,1,61
66,80,1,61
66,81,1,62
66,82,1,61
66,83,1,60
66,84,1,58
66,85,1,60
66,86,1,62
66,87,1,57
66,88,1,62
66,89,1,60
66,90,1,59
66,91,1,59
66,92,1,64
66,93,1,58
66,94,1,58
66,95,1,62
66,96,1,65
66,97,1,60
66,98,1,58
66,99,1,63
0,0,1,0
0,1,1,0
0,2,1,0
0,3,1,0
0,4,1,0
0,5,1,0
0,6,1,0
0,7,1,0
0,8,1,0
0,9,1,0
0,10,1,0
0,11,1,0
0,12,1,0
0,13,1,0
0,14,1,0
0,15,1,0
0,16,1,0
0,17,1,0
0,18,1,0
0,19,1,0
0,20,1,0
0,21,1,0
0,22,1,0
0,23,1,0
0,24,1,0
0,25,1,0
0,26,1,0
0,27,1,0
0,28,1,0
0,29,1,0
0,30,1,0
0,31,1,0
0,32,1,0
0,33,1,0
0,34,1,0
0,35,1,0
0,36,1,0
0,37,1,0
0,38,1,0
0,39,1,0
0,40,1,0
0,41,1,0
0,42,1,0
0,43,1,0
0,44,1,0
0,45,1,0
0,46,1,0
0,47,1,0
0,48,1,0
0,49,1,0
0,50,1,0
0,51,1,0
0,52,1,0
0,53,1,0
0,54,1,0
0,55,1,0
0,56,1,0
0,57,1,0
0,58,1,0
0,59,1,0
0,60,1,0
0,61,1,0
0,62,1,0
0,63,1,0
0,64,1,0
0,65,1,0
0,66,1,0
0,67,1,0
0,68,1,0
0,69,1,0
0,70,1,0
0,71,1,0
0,72,1,0
0,73,1,0
0,74,1,0
0,75,1,0
0,76,1,0
0,77,1,0
0,78,1,0
0,79,1,0
0,80,1,0
0,81,1,0
0,82,1,0
0,83,1,0
0,84,1,0
0,85,1,0
0,86,1,0
0,87,1,0
0,88,1,0
0,89,1,0
0,90,1,0
0,91,1,0
0,92,1,0
0,93,1,0
0,94,1,0
0,95,1,0
0,96,1,0
0,97,1,0
0,98,1,0
0,99,1,0
NumOfSatsInConstellation,RepetitionNumber,SampleNumber,NumOfComponents
1584,0,1,1
1584,1,1,1
