time,sat0x,sat0y,sat0z,sat1x,sat1y,sat1z,sat2x,sat2y,sat2z,sat3x,sat3y,sat3z,sat4x,sat4y,sat4z,sat5x,sat5y,sat5z,sat6x,sat6y,sat6z,sat7x,sat7y,sat7z
1,-1.407223,-0.1828913,-0.6474105,-7.466875E-09,-0.03042945,-0.6577408,1.431477,-0.1898567,-0.6709507,-1.427363,-0.1504242,0.009019696,1.429901,-0.1562603,-0.01466658,-1.434307,-0.1806258,0.6667314,-9.001612E-09,-0.03780557,0.6566059,1.416696,-0.1775789,0.6425155
2,-1.389014,-0.1649676,-0.6566473,1.621577E-08,-0.03178344,-0.6563795,1.426717,-0.1762006,-0.6812237,-1.415097,-0.1461341,0.0004369461,1.433804,-0.1437666,-0.02361693,-1.429644,-0.1822533,0.6564427,-1.667268E-08,-0.02435911,0.6573173,1.426599,-0.178765,0.633136
3,-1.360245,-0.1727484,-0.6655223,4.084656E-08,-0.02669777,-0.6579028,1.412258,-0.1865923,-0.6905201,-1.39812,-0.1408441,-0.009659193,1.428787,-0.1536875,-0.03438949,-1.422099,-0.1765013,0.6473786,1.009047E-08,-0.03660076,0.6564913,1.433719,-0.1757174,0.6230964
4,-1.328619,-0.1582963,-0.6734316,-7.898366E-08,-0.0334613,-0.6563553,1.395481,-0.1699207,-0.7008643,-1.372615,-0.139522,-0.01759044,1.419601,-0.1444854,-0.04335167,-1.40542,-0.1757516,0.6377397,-1.522568E-08,-0.02270894,0.6577125,1.430944,-0.1797364,0.613074
5,-1.289101,-0.1575605,-0.6811227,4.118806E-08,-0.02211617,-0.6580726,1.368208,-0.1779613,-0.709067,-1.34427,-0.1257256,-0.02620111,1.402776,-0.1454053,-0.05355339,-1.384905,-0.1674992,0.6296564,3.656814E-08,-0.0351253,0.6563975,1.426001,-0.1678559,0.6038389
6,-1.246862,-0.1464865,-0.686785,-8.424509E-08,-0.03452762,-0.6563754,1.340669,-0.1595112,-0.7181866,-1.307488,-0.1280342,-0.03240558,1.381441,-0.1390164,-0.0613237,-1.357458,-0.1646834,0.6218441,3.992736E-08,-0.02166546,0.657999,1.410604,-0.1749716,0.59439
7,-1.196066,-0.1392516,-0.6928261,-9.864188E-08,-0.02232532,-0.6578158,1.300757,-0.1650311,-0.7249931,-1.267394,-0.1073257,-0.03918414,1.352585,-0.1327864,-0.07049739,-1.324045,-0.1543022,0.6151347,1.127936E-07,-0.03385352,0.6563584,1.393357,-0.1565218,0.5862529
8,-1.143232,-0.1319209,-0.6960723,-1.709328E-08,-0.03575249,-0.6564323,1.261881,-0.1482661,-0.7322373,-1.219533,-0.1132585,-0.04347273,1.319322,-0.1294131,-0.07678991,-1.285917,-0.1498291,0.6093923,9.805617E-08,-0.02406421,0.6580034,1.365916,-0.1656982,0.5777918
9,-1.082645,-0.1186616,-0.6999565,1.293073E-07,-0.02349828,-0.6575155,1.211091,-0.1484889,-0.7373157,-1.168408,-0.08874182,-0.04780933,1.279209,-0.116297,-0.08417487,-1.240601,-0.1378633,0.6046637,1.030347E-07,-0.03265796,0.6563572,1.33599,-0.1450436,0.5711853
10,-1.020083,-0.1154719,-0.7005964,2.569695E-07,-0.03695265,-0.6565224,1.161263,-0.1351188,-0.7421712,-1.110688,-0.09616621,-0.04994109,1.2346,-0.1161773,-0.08857968,-1.192297,-0.1322501,0.6013299,4.500066E-09,-0.02778796,0.6578568,1.297776,-0.152478,0.5645431
11,-0.9516284,-0.09743086,-0.7020602,3.036348E-07,-0.02446004,-0.6572951,1.101523,-0.1296505,-0.7451877,-1.05003,-0.07078484,-0.05155456,1.184585,-0.09730664,-0.09364539,-1.136788,-0.1194165,0.5989524,-5.100456E-08,-0.03168083,0.6563818,1.256479,-0.1300265,0.5600418
12,-0.8792524,-0.09854437,-0.7000489,1.46169E-07,-0.03818877,-0.6566514,1.040584,-0.1199934,-0.7474467,-0.9825786,-0.07806781,-0.05138293,1.128533,-0.1004825,-0.09591223,-1.078,-0.1131512,0.5982136,-1.837604E-08,-0.03161433,0.6576836,1.207197,-0.1363452,0.555521
13,-0.8043172,-0.07626823,-0.6990892,-4.79582E-08,-0.02544855,-0.6570936,0.9731677,-0.1093576,-0.748201,-0.9138047,-0.05250556,-0.05024479,1.069758,-0.07637551,-0.09838853,-1.013632,-0.100139,0.5982504,-7.014199E-08,-0.03068128,0.6564307,1.155633,-0.1127179,0.5534183
14,-0.726482,-0.08157707,-0.6945996,-1.253396E-08,-0.038885,-0.6567402,0.9049733,-0.1028184,-0.7477892,-0.8404493,-0.05997988,-0.04776873,1.005674,-0.08277546,-0.09823522,-0.9477042,-0.09410549,0.6001353,5.29117E-09,-0.03376625,0.6575761,1.098097,-0.1182555,0.5514106
15,-0.6429941,-0.05641301,-0.691225,-2.826807E-07,-0.02648962,-0.6569086,0.8280002,-0.08886526,-0.7461383,-0.7618403,-0.03524101,-0.04393903,0.9364789,-0.05470592,-0.09805802,-0.8730226,-0.08133842,0.6026261,1.36974E-07,-0.02963143,0.6565095,1.034979,-0.09437029,0.5517666
16,-0.5553916,-0.06831376,-0.6842422,1.37146E-07,-0.04058966,-0.6570057,0.7484745,-0.08862166,-0.7428796,-0.6784508,-0.04410917,-0.03915346,0.8606904,-0.06655814,-0.09551157,-0.7961998,-0.07579897,0.6073533,1.023144E-07,-0.03902362,0.657286,0.9658651,-0.1001696,0.5523456
17,-0.4755758,-0.04106415,-0.6793407,2.341991E-07,-0.02675709,-0.6568644,0.6733434,-0.07084919,-0.7393414,-0.6019076,-0.01967136,-0.03348143,0.7914625,-0.03583315,-0.09293691,-0.7222102,-0.06459418,0.611487,-2.276376E-07,-0.02936272,0.6565338,0.9010352,-0.07594364,0.5550849
18,-0.3827328,-0.05610309,-0.6704296,4.009567E-08,-0.04102246,-0.6570851,0.5866976,-0.07317795,-0.7336747,-0.5122727,-0.03020758,-0.02666032,0.7078861,-0.0499016,-0.0880155,-0.6378862,-0.06033115,0.6185282,-1.192458E-07,-0.04035483,0.6572049,0.8232908,-0.08244185,0.5581776
19,-0.2978933,-0.02830351,-0.6638929,-1.149944E-08,-0.02741574,-0.6567658,0.5053576,-0.05451471,-0.7281412,-0.4297172,-0.007565793,-0.0191108,0.6313527,-0.01781906,-0.08316701,-0.5572987,-0.05053377,0.6244894,-3.357143E-07,-0.02870159,0.6566013,0.7502692,-0.0591581,0.5631272
20,-0.2000751,-0.04617825,-0.6534338,1.071411E-07,-0.03926165,-0.6572734,0.4117131,-0.05934033,-0.7202219,-0.3340616,-0.01769985,-0.01062702,0.5400337,-0.03387001,-0.07611468,-0.4656285,-0.04534836,0.6337094,-1.552547E-08,-0.04066696,0.6570182,0.6639792,-0.06434242,0.5686736
21,-0.1066603,-0.01760438,-0.6451917,-2.308747E-07,-0.02933659,-0.656538,0.3206348,-0.03981835,-0.712649,-0.2419035,-0.0008236226,-0.001024211,0.4524963,-0.003385552,-0.06857079,-0.374833,-0.04019583,0.6414936,-4.576505E-08,-0.02678311,0.6568591,0.5791229,-0.0458218,0.5759628
22,-0.01060684,-0.03868855,-0.6342881,7.736304E-09,-0.03462062,-0.6575332,0.2264072,-0.04748857,-0.7032563,-0.1467512,-0.00688969,0.008043616,0.3597208,-0.01896377,-0.06037879,-0.2819885,-0.0335793,0.6518961,4.440682E-07,-0.03916177,0.6567777,0.4902002,-0.04648391,0.5834186
23,0.07894002,-0.01723216,-0.6256584,1.198207E-07,-0.03013249,-0.6564711,0.1376498,-0.03110576,-0.6950104,-0.05754061,0.002150128,0.01797298,0.2729074,0.004492176,-0.05159057,-0.193244,-0.03464038,0.6599975,2.447814E-07,-0.02599221,0.6569915,0.4050533,-0.03559814,0.5918005
24,0.1748989,-0.03750561,-0.6149479,0,-0.03189218,-0.6576719,0.04137084,-0.04112917,-0.684613,0.03903526,-0.002973995,0.02740919,0.1772237,-0.009979702,-0.04241198,-0.097483,-0.03055087,0.6709535,1.565215E-07,-0.03827832,0.6566608,0.311772,-0.03493983,0.6007764
25,0.2660151,-0.02293073,-0.6058447,-2.882572E-07,-0.03136293,-0.6563964,-0.05065156,-0.02674546,-0.6756604,0.1306854,-0.0004688662,0.03765287,0.0858689,0.006840302,-0.03239865,-0.005461897,-0.0341519,0.6796848,1.566517E-08,-0.02477369,0.6572282,0.2213095,-0.03023242,0.6102356
26,0.3620187,-0.04020878,-0.5959861,-7.736304E-09,-0.02701857,-0.6578894,-0.1489783,-0.03910809,-0.6647159,0.2288689,-0.002265739,0.04698651,-0.0129465,-0.004499649,-0.02272232,0.09322271,-0.03283605,0.6905808,6.685963E-08,-0.03670448,0.6565006,0.1234085,-0.0260356,0.6204832
27,0.450218,-0.03434402,-0.5873047,1.680555E-07,-0.032883,-0.656357,-0.2401138,-0.02731394,-0.655993,0.3185068,-0.008610168,0.05653278,-0.1044833,0.0034176,-0.01240103,0.1843696,-0.03895069,0.6991251,2.273591E-07,-0.02327634,0.6575678,0.0318398,-0.03024106,0.6299794
28,0.5380874,-0.04879239,-0.5795102,8.326849E-08,-0.02445534,-0.6579905,-0.3317751,-0.04288697,-0.6458902,0.4098918,-0.008413852,0.06447363,-0.1979322,-0.005643236,-0.003553594,0.2772568,-0.03984508,0.7086526,2.577634E-07,-0.03587801,0.6564385,-0.06222229,-0.02453096,0.6400403
29,0.6259473,-0.05005794,-0.5716437,8.368406E-08,-0.03433204,-0.6563702,-0.4250001,-0.03306361,-0.6376062,0.5002161,-0.02136285,0.07304775,-0.2923987,-0.005046051,0.006741296,0.3705059,-0.04864163,0.7167131,1.958464E-07,-0.02185701,0.6579444,-0.1576566,-0.0354134,0.6494327
30,0.7077072,-0.06073325,-0.5660284,1.846867E-07,-0.02156796,-0.6580299,-0.5116934,-0.05109511,-0.6286432,0.5868056,-0.01776715,0.07946054,-0.3824305,-0.01092156,0.01453477,0.4592742,-0.05158949,0.7245487,1.192424E-07,-0.03462815,0.6563777,-0.2497451,-0.0268364,0.6591302
31,0.7864391,-0.06720939,-0.5601921,-2.884219E-07,-0.03502234,-0.6563928,-0.597734,-0.04441328,-0.6220095,0.6686121,-0.03667195,0.08582296,-0.4703054,-0.01637872,0.02334198,0.545402,-0.06198755,0.7308772,-1.253912E-07,-0.02179711,0.6580821,-0.3393813,-0.04442993,0.6668583
32,0.8645886,-0.07584704,-0.5567344,-3.45346E-07,-0.02268572,-0.65772,-0.6821585,-0.0635198,-0.6144988,0.7530842,-0.03079414,0.09057815,-0.5597324,-0.02080162,0.02995969,0.6326662,-0.06702244,0.7369019,-2.107862E-07,-0.03348473,0.6563544,-0.4322512,-0.03647186,0.675755
33,0.9399172,-0.0902926,-0.5528459,-1.870011E-08,-0.03693157,-0.6565204,-0.7670597,-0.06605433,-0.6089498,0.8326271,-0.05709535,0.09470624,-0.6476303,-0.03487552,0.03733824,0.7185378,-0.07960061,0.7416945,2.539448E-08,-0.02772253,0.6578589,-0.523159,-0.05962117,0.6821432
34,1.000934,-0.09413818,-0.5522327,-1.536343E-08,-0.02267545,-0.6577227,-0.834557,-0.07955453,-0.6046523,0.9001747,-0.04861043,0.09680291,-0.7206022,-0.03584887,0.0412913,0.7887706,-0.084108,0.744781,-3.213752E-07,-0.0334959,0.6563539,-0.600252,-0.05035527,0.6884785
35,1.067197,-0.1084475,-0.5508643,9.500994E-09,-0.03674008,-0.6565042,-0.9119509,-0.08257617,-0.6014265,0.9711664,-0.07515871,0.09846041,-0.8016276,-0.05076757,0.04648881,0.8672214,-0.09742364,0.7471447,-2.92724E-07,-0.02712823,0.6578833,-0.6850027,-0.07475748,0.6927956
36,1.126903,-0.1115593,-0.5526203,-1.565573E-07,-0.02386997,-0.6574277,-0.9799497,-0.09717456,-0.5989972,1.038626,-0.06879698,0.09847886,-0.8769202,-0.05164343,0.04880598,0.9385961,-0.1037784,0.7480932,-1.048322E-07,-0.03227954,0.6563637,-0.7655988,-0.06914415,0.6975346
37,1.182011,-0.1297608,-0.5537141,1.452411E-07,-0.03766483,-0.6565929,-1.04755,-0.1046573,-0.5981385,1.099486,-0.09574457,0.09737763,-0.9487237,-0.07154589,0.05137934,1.007975,-0.117126,0.7480657,1.851184E-07,-0.02999303,0.6577591,-0.8423454,-0.09406179,0.699474
38,1.235336,-0.1276495,-0.5582753,3.094333E-08,-0.02555096,-0.6570747,-1.110635,-0.115495,-0.5984945,1.160808,-0.09058956,0.09488887,-1.020659,-0.06814348,0.05139882,1.074371,-0.1241279,0.7461634,2.318007E-07,-0.03057759,0.656438,-0.9201217,-0.09059943,0.7017334
39,1.280184,-0.1528745,-0.5618992,-3.317008E-08,-0.03971598,-0.6568615,-1.169569,-0.1311248,-0.600019,1.213412,-0.1175315,0.09089269,-1.084699,-0.09610945,0.05103897,1.136681,-0.1374459,0.7438419,1.837604E-08,-0.03633052,0.6574402,-0.9910852,-0.1165278,0.7011788
40,1.320811,-0.1420581,-0.5686381,-8.232114E-09,-0.02689062,-0.6568438,-1.220287,-0.1333799,-0.6032044,1.261208,-0.1100621,0.08632406,-1.144797,-0.08506354,0.04873198,1.189685,-0.1429882,0.7392009,2.95758E-08,-0.02922883,0.656547,-1.056629,-0.1118687,0.7006947
41,1.35366,-0.1714046,-0.5744774,-6.049575E-09,-0.04112716,-0.6571041,-1.268348,-0.1539271,-0.6071593,1.303407,-0.1357927,0.07981779,-1.19856,-0.1181228,0.04547944,1.242451,-0.1553252,0.7347127,-4.500066E-09,-0.0406781,0.6571854,-1.119052,-0.1375857,0.6975921
42,1.383346,-0.1532291,-0.5830512,7.647793E-08,-0.02821845,-0.6566592,-1.308713,-0.1494004,-0.6127775,1.339607,-0.1266329,0.07340233,-1.249061,-0.1006118,0.041082,1.284257,-0.1593962,0.7276719,1.273146E-07,-0.0278983,0.6566982,-1.174654,-0.1321776,0.6945441
43,1.402772,-0.1821246,-0.5902746,-1.142835E-07,-0.03940699,-0.6572632,-1.343762,-0.1696107,-0.6186525,1.36948,-0.1471272,0.06518358,-1.28986,-0.1339941,0.03542703,1.324965,-0.167188,0.7215723,-1.447073E-07,-0.04071456,0.6570266,-1.225473,-0.1535061,0.6892703
44,1.421682,-0.1615375,-0.6004469,-5.789771E-08,-0.02961137,-0.6565124,-1.37458,-0.1623195,-0.6265985,1.394801,-0.139397,0.05698565,-1.330978,-0.1181104,0.02891347,1.356656,-0.1722932,0.7123327,-4.866563E-08,-0.02650937,0.6569023,-1.272422,-0.1503558,0.6836703
45,1.428567,-0.1868731,-0.6087873,-4.016983E-08,-0.03554891,-0.6574844,-1.397174,-0.1806823,-0.6340225,1.41315,-0.1523672,0.04746714,-1.360408,-0.1452441,0.02117725,1.385966,-0.1739119,0.7049946,1.231849E-07,-0.03946215,0.6568203,-1.312565,-0.1648246,0.6765676
46,1.434561,-0.1678106,-0.619108,-8.278729E-10,-0.03041642,-0.6564503,-1.415706,-0.1715665,-0.6432629,1.425357,-0.1466634,0.03865002,-1.388663,-0.1313719,0.01339881,1.404595,-0.1804812,0.6946713,8.306159E-08,-0.0257106,0.6570428,-1.346685,-0.1642401,0.6692207
47,1.429643,-0.1861567,-0.6286893,3.262152E-08,-0.03095098,-0.657717,-1.426599,-0.1871442,-0.6522345,1.432581,-0.1520645,0.02793583,-1.407817,-0.1519469,0.003701407,1.422381,-0.1799523,0.6857091,6.334345E-08,-0.03797407,0.6566254,-1.377567,-0.171699,0.6603401
48,1.42258,-0.1706021,-0.6386482,-1.531923E-08,-0.03194195,-0.6563748,-1.433517,-0.1756134,-0.6625204,1.431811,-0.1498797,0.01880338,-1.42346,-0.1418858,-0.00501518,1.429398,-0.1840822,0.675063,-4.343877E-08,-0.02420225,0.6573509,-1.399376,-0.1749752,0.6514058
49,1.406116,-0.1809816,-0.6481309,-1.531923E-08,-0.02754039,-0.6578685,-1.43115,-0.1889393,-0.6716229,1.427043,-0.1476631,0.008373598,-1.430365,-0.1544956,-0.01537149,1.433987,-0.1807535,0.665948,-1.682976E-08,-0.03687276,0.6565145,-1.417945,-0.1749769,0.6420131
50,1.386783,-0.1670792,-0.6571342,-1.977302E-08,-0.03288575,-0.6563565,-1.426328,-0.1750571,-0.6821092,1.41378,-0.1472504,-0.0003121959,-1.433415,-0.1460642,-0.02434091,1.429262,-0.1823639,0.6557102,-4.759977E-09,-0.02327443,0.6575689,-1.427151,-0.1800572,0.6322977
51,1.358341,-0.1706506,-0.6661826,1.984069E-08,-0.02376267,-0.6580158,-1.411128,-0.1854896,-0.6911888,1.396997,-0.1378769,-0.01023517,-1.428455,-0.1517237,-0.03508571,1.420975,-0.1764649,0.6466388,1.954812E-08,-0.03565497,0.6564252,-1.43419,-0.1729085,0.622613
52,1.326098,-0.1598739,-0.6737837,-4.415561E-08,-0.03435623,-0.65637,-1.394408,-0.1688333,-0.7015535,1.370807,-0.1402798,-0.01813809,-1.418528,-0.1461854,-0.04393886,1.404353,-0.1756878,0.637222,-2.26969E-08,-0.02183296,0.6579513,-1.430629,-0.1806191,0.6124099
53,1.28632,-0.1552206,-0.6816938,-6.252293E-08,-0.02204833,-0.6578928,-1.366205,-0.1766378,-0.7097097,1.342274,-0.1224651,-0.02666525,-1.401592,-0.143173,-0.05420746,1.382909,-0.1673056,0.6289909,-5.558676E-08,-0.03413664,0.6563633,-1.425653,-0.16474,0.6034246
54,1.242868,-0.1483273,-0.687115,4.422454E-09,-0.03564957,-0.6564261,-1.337783,-0.1610816,-0.7186442,1.304336,-0.1288298,-0.03296811,-1.379172,-0.1409577,-0.06200119,1.355197,-0.1644381,0.6213357,-2.514009E-08,-0.02374405,0.6580134,-1.409262,-0.1758811,0.5936282
55,1.192827,-0.1370024,-0.6932126,-7.184353E-08,-0.02321463,-0.6575852,-1.298195,-0.1636814,-0.7254919,1.264601,-0.1054981,-0.03944838,-1.350745,-0.1305922,-0.07099535,1.321489,-0.1540068,0.6146545,5.149773E-08,-0.03294617,0.6563535,-1.391517,-0.1571504,0.585647
56,1.138936,-0.1334976,-0.6962481,-1.73639E-07,-0.03676333,-0.6565068,-1.25828,-0.1507993,-0.732435,1.215938,-0.1138737,-0.0438398,-1.316478,-0.1310192,-0.07730696,1.283079,-0.149492,0.6090919,-1.449818E-07,-0.02720129,0.6578808,-1.363873,-0.1663628,0.5772107
57,1.078135,-0.1159691,-0.7002231,7.718566E-08,-0.02453737,-0.6572796,-1.20731,-0.1467958,-0.7377524,1.163898,-0.08931781,-0.04793032,-1.276223,-0.113604,-0.08459251,1.236828,-0.1374237,0.6042931,1.71593E-07,-0.03160289,0.6563849,-1.333004,-0.1456344,0.5706155
58,1.013409,-0.1175595,-0.7006557,7.878417E-08,-0.03832381,-0.6566686,-1.155438,-0.1384352,-0.7423006,1.104871,-0.09691985,-0.0502193,-1.229723,-0.1182073,-0.08911234,1.187429,-0.1316904,0.601175,1.859095E-07,-0.03203233,0.6576639,-1.293924,-0.1532105,0.5639508
59,0.9461521,-0.09455844,-0.7021363,7.809948E-08,-0.02556283,-0.6570725,-1.096743,-0.1277778,-0.7454666,1.044554,-0.07136263,-0.05149608,-1.180583,-0.09435616,-0.09388903,1.132016,-0.1188969,0.5987676,1.359481E-07,-0.03056617,0.656439,-1.252478,-0.1305432,0.559616
60,0.871627,-0.1007055,-0.6999108,2.015036E-07,-0.03959856,-0.6568434,-1.033723,-0.1233434,-0.7474042,0.9757254,-0.07882585,-0.05142896,-1.122552,-0.1024771,-0.09625204,1.072027,-0.1125337,0.5983322,1.837604E-08,-0.03596826,0.6574602,-1.20219,-0.1369808,0.5551499
61,0.798746,-0.07366955,-0.6989689,1.716288E-07,-0.02645821,-0.656912,-0.9681559,-0.1076176,-0.7482755,0.9082331,-0.05305391,-0.05001707,-1.065389,-0.07363044,-0.09841055,1.008625,-0.09966224,0.5982817,-1.82291E-08,-0.02966349,0.6565066,-1.151263,-0.1131338,0.553211
62,0.7149966,-0.08468919,-0.6941361,-4.433394E-08,-0.04084347,-0.6570514,-0.894385,-0.1074784,-0.7474577,0.8298685,-0.06110249,-0.04750688,-0.9961553,-0.08550894,-0.09839012,0.9381947,-0.09328115,0.600672,-5.29117E-09,-0.03980311,0.6572387,-1.089799,-0.1190637,0.5512507
63,0.6335474,-0.05247018,-0.6907557,-1.154759E-07,-0.02807088,-0.6566746,-0.8192917,-0.0861811,-0.745972,0.7523943,-0.03620356,-0.04332777,-0.9286504,-0.05042144,-0.09775642,0.8643202,-0.08066943,0.6029882,-8.430031E-08,-0.02804558,0.6566807,-1.027151,-0.09500773,0.551749
64,0.5465335,-0.06799351,-0.6837457,-2.539448E-08,-0.03928778,-0.6572684,-0.7401379,-0.08935674,-0.7424654,0.6701177,-0.04231545,-0.03874122,-0.8530086,-0.06586048,-0.09539653,0.7885235,-0.07257012,0.6080241,-2.230036E-07,-0.04067591,0.6570216,-0.9589592,-0.09804676,0.5525087
65,0.4578237,-0.03563535,-0.6779841,2.873804E-08,-0.02954463,-0.6565145,-0.6567086,-0.06631205,-0.7385849,0.5842348,-0.02166452,-0.03201292,-0.7756257,-0.03290397,-0.09182972,0.7055845,-0.06366885,0.6126073,-9.82773E-09,-0.02657622,0.6568943,-0.8857077,-0.07717393,0.5555646
66,0.3681271,-0.05234846,-0.6693773,2.883294E-08,-0.03541542,-0.657489,-0.5726945,-0.07099999,-0.7326996,0.4982753,-0.02409402,-0.02566686,-0.6947111,-0.04541701,-0.08744652,0.6246061,-0.05314536,0.6198902,3.776907E-08,-0.03941946,0.656813,-0.8111511,-0.07566834,0.558883
67,0.2767722,-0.02671868,-0.6616337,-6.519329E-08,-0.03057963,-0.6564382,-0.4853249,-0.04971689,-0.7268318,0.4088221,-0.01027453,-0.01710441,-0.6117107,-0.0184656,-0.08138341,0.5372738,-0.04989102,0.6262119,-7.942447E-09,-0.02554858,0.6570696,-0.7314208,-0.06081581,0.5641956
68,0.184324,-0.04123158,-0.6521178,-1.09848E-07,-0.03198365,-0.6576641,-0.3963555,-0.05597736,-0.7189083,0.3187077,-0.01025116,-0.009273086,-0.5253145,-0.02804736,-0.07513824,0.4505304,-0.04120175,0.6350939,-7.106068E-08,-0.03830757,0.6566642,-0.6501296,-0.05608319,0.5698774
69,0.08985046,-0.022719,-0.6428052,-6.762565E-08,-0.03180138,-0.6563793,-0.3043989,-0.03645422,-0.7113622,0.2252512,-0.003351626,0.0006884014,-0.4362611,-0.007581934,-0.06689928,0.3586009,-0.04009743,0.6431236,5.049728E-09,-0.02434096,0.657318,-0.5635617,-0.04742031,0.5771508
70,-0.004774623,-0.03431279,-0.632909,-7.736304E-09,-0.02757253,-0.6578669,-0.2111662,-0.04460205,-0.7017962,0.131514,-8.448288E-05,0.009584317,-0.3448638,-0.01367088,-0.05912684,0.266751,-0.03367189,0.6531136,2.433291E-08,-0.03688285,0.6565138,-0.4759594,-0.03881591,0.5850043
71,-0.09857899,-0.02379381,-0.6229179,1.200838E-07,-0.03303477,-0.6563554,-0.118065,-0.02764157,-0.6932911,0.03777555,-0.00135349,0.02005092,-0.2533234,-0.0009234683,-0.0494392,0.1736642,-0.03504302,0.6621083,4.23789E-08,-0.02312691,0.6576037,-0.3859607,-0.03792591,0.593505
72,-0.1939677,-0.03256643,-0.6132306,0,-0.02309175,-0.6580364,-0.02217927,-0.03803194,-0.682667,-0.05822615,0.004992028,0.0294653,-0.1582086,-0.003863585,-0.04059832,0.07829212,-0.03119085,0.6725832,5.488229E-08,-0.03543949,0.6564147,-0.2932345,-0.02584866,0.6031407
73,-0.2860824,-0.03035793,-0.6032252,7.169584E-08,-0.03440164,-0.6563689,0.07130558,-0.02368687,-0.6737854,-0.1512079,-0.004696788,0.03973652,-0.06521374,0.0006227953,-0.03011036,-0.01519231,-0.03514392,0.6819599,-1.799229E-07,-0.02178836,0.6579656,-0.2008453,-0.03320345,0.6122149
74,-0.3766747,-0.0367208,-0.5947403,4.810659E-07,-0.02171544,-0.657983,0.1639659,-0.03708689,-0.6631984,-0.2438578,0.00358771,0.04860776,0.02803282,-0.0001024965,-0.0211955,-0.1082112,-0.0337527,0.6918458,2.31897E-07,-0.03447645,0.6563743,-0.1084608,-0.01930356,0.622552
75,-0.466672,-0.04112581,-0.5853935,3.547805E-07,-0.03547976,-0.6564136,0.2575226,-0.02767071,-0.6542271,-0.3356195,-0.01267349,0.05811427,0.1219825,-0.002370636,-0.01053241,-0.2018705,-0.04027123,0.7010027,2.792315E-07,-0.02321787,0.6580352,-0.0142249,-0.03325737,0.6317142
76,-0.5549033,-0.04504802,-0.5782703,-2.23977E-07,-0.0229429,-0.6576537,0.3492596,-0.04094983,-0.6442191,-0.42737,-0.002038828,0.06627557,0.2158155,-0.0008829081,-0.001748359,-0.2947457,-0.04139447,0.7100097,-6.775852E-08,-0.03322304,0.6563517,0.08018488,-0.02045316,0.6422786
77,-0.6416928,-0.05731748,-0.5701643,-2.566672E-07,-0.0369688,-0.6565212,0.4418062,-0.03992546,-0.6355319,-0.5168911,-0.02588938,0.07433017,0.3097371,-0.01138428,0.008405912,-0.3878486,-0.05041805,0.7184315,8.326849E-08,-0.02783782,0.6578559,0.1753909,-0.03895336,0.6511118
78,-0.7230026,-0.05745457,-0.5651647,7.977447E-08,-0.02407099,-0.6573787,0.5278859,-0.04964421,-0.6272783,-0.6025845,-0.01671085,0.08089512,0.399274,-0.006774258,0.01614542,-0.475473,-0.05346473,0.7256094,1.52189E-07,-0.03207513,0.6563707,0.2666727,-0.02819711,0.660744
79,-0.8029973,-0.07578005,-0.559052,2.158501E-07,-0.03802304,-0.6566295,0.615621,-0.05516114,-0.6198689,-0.6865093,-0.04217668,0.08683775,0.4892528,-0.02404884,0.02488865,-0.564357,-0.06441211,0.7324916,3.153984E-08,-0.03110311,0.6577096,0.359089,-0.04894726,0.6685355
80,-0.8805553,-0.07240769,-0.5562133,1.352831E-07,-0.02551883,-0.6570772,0.6994061,-0.06226933,-0.6133529,-0.7691498,-0.03529117,0.09167907,0.5780023,-0.01655048,0.03151874,-0.6499246,-0.06947429,0.7377264,-4.410347E-08,-0.03060964,0.6564376,0.4505212,-0.04103819,0.6770405
81,-0.9497974,-0.09608655,-0.552534,-9.571971E-08,-0.03891658,-0.6567452,0.777988,-0.07338596,-0.6079549,-0.8435649,-0.06089392,0.09501396,0.659445,-0.04019346,0.03803614,-0.7303591,-0.08140244,0.7424859,-3.123623E-07,-0.03386364,0.6575699,0.535674,-0.0628838,0.6830201
82,-1.01999,-0.08976305,-0.5522052,-1.038594E-07,-0.02642174,-0.6569198,0.8556356,-0.07825942,-0.6037378,-0.9193556,-0.05500219,0.09757831,0.7433905,-0.03065248,0.04283493,-0.8098655,-0.0876208,0.7452615,-7.952904E-08,-0.02969995,0.6565054,0.6230401,-0.05683435,0.6896575
83,-1.083528,-0.1194303,-0.5510374,-1.658035E-07,-0.04048352,-0.6569878,0.9305496,-0.09665404,-0.6002886,-0.989783,-0.08244879,0.09835596,0.8222209,-0.06110907,0.04715567,-0.8878306,-0.1010255,0.7480259,1.961658E-07,-0.03869551,0.6573035,0.7072655,-0.08128886,0.6939038
84,-1.145493,-0.1066917,-0.5533546,-1.070944E-07,-0.02804855,-0.6566774,1.001121,-0.0959642,-0.5987688,-1.057216,-0.07700496,0.09847318,0.9003626,-0.04617975,0.04990806,-0.9597887,-0.1078131,0.747927,5.671477E-08,-0.02806808,0.6566787,0.7890406,-0.07669701,0.6981562
85,-1.196739,-0.1400607,-0.5547563,1.645668E-07,-0.04034653,-0.6572041,1.064974,-0.1184843,-0.597824,-1.116931,-0.1021686,0.09649385,0.9685921,-0.08144435,0.0513041,-1.027863,-0.1196955,0.7483372,2.99215E-07,-0.04101978,0.6570844,0.864345,-0.09996609,0.6999889
86,-1.247574,-0.1236948,-0.5594212,-7.915973E-08,-0.02881736,-0.6565897,1.125113,-0.1145725,-0.5989517,-1.173046,-0.09686319,0.09424172,1.036944,-0.06545066,0.05171496,-1.088867,-0.1272133,0.7454802,-6.213993E-08,-0.02730026,0.656779,0.9366307,-0.09660611,0.7016308
87,-1.28988,-0.1553853,-0.5634498,5.054629E-08,-0.03619991,-0.6574432,1.181674,-0.1367192,-0.6005566,-1.225537,-0.1169059,0.0895774,1.099043,-0.09852105,0.05030327,-1.151009,-0.1339163,0.7435697,-7.909922E-08,-0.03967372,0.6568547,1.007441,-0.1157219,0.7010654
88,-1.330436,-0.1421865,-0.5700526,7.344916E-08,-0.03042163,-0.6564453,1.233459,-0.1322375,-0.6043714,-1.27176,-0.1165249,0.08498441,1.159052,-0.08851565,0.04839303,-1.202879,-0.1460832,0.7379178,-1.854865E-07,-0.02570485,0.6570438,1.072238,-0.1182994,0.6999446
89,-1.360076,-0.1682191,-0.5763303,-1.007631E-07,-0.03284786,-0.6576247,1.277072,-0.1536634,-0.608217,-1.312149,-0.1298275,0.07823353,1.209474,-0.1150405,0.04431349,-1.252547,-0.1511583,0.7336222,-1.928974E-07,-0.03858737,0.6566964,1.131985,-0.1316692,0.6970582
90,-1.388811,-0.1578795,-0.5844702,-2.715213E-08,-0.0316055,-0.6563833,1.31879,-0.148014,-0.6144728,-1.347018,-0.1323981,0.07161277,1.259316,-0.1088174,0.04011097,-1.294356,-0.1619931,0.7259949,-9.706227E-09,-0.02453396,0.6572794,1.187261,-0.1381281,0.6932471
91,-1.407829,-0.1764024,-0.5930071,-4.860292E-08,-0.02777543,-0.6578555,1.351874,-0.167737,-0.6205614,-1.377617,-0.1379315,0.06284282,1.300925,-0.1286092,0.03344229,-1.333879,-0.1656535,0.7192448,1.356476E-08,-0.03694847,0.6565226,1.239317,-0.14461,0.6881639
92,-1.423348,-0.1695348,-0.601868,-1.061229E-08,-0.03288313,-0.6563566,1.3817,-0.1605721,-0.6286982,-1.39924,-0.1444462,0.05488499,1.338097,-0.1265692,0.02742168,-1.363798,-0.1743294,0.7103932,8.868874E-09,-0.02327585,0.6575668,1.282133,-0.1557521,0.6819314
93,-1.430143,-0.1815896,-0.6112436,-3.157211E-08,-0.02588377,-0.6579358,1.401352,-0.1786777,-0.635965,-1.417349,-0.1442282,0.04534573,1.367144,-0.1403653,0.01919272,-1.390166,-0.1754326,0.7024854,1.599101E-08,-0.03633851,0.6564727,1.321754,-0.1570859,0.6753353
94,-1.43356,-0.1743621,-0.620527,-1.610973E-08,-0.03330704,-0.6563547,1.419604,-0.1695797,-0.6454017,-1.426827,-0.150622,0.03661649,1.392561,-0.138408,0.01175187,-1.408513,-0.1818004,0.6927689,4.288573E-09,-0.02285981,0.6576717,1.35297,-0.1686069,0.6673496
95,-1.428694,-0.1809762,-0.6309001,1.734941E-08,-0.02239047,-0.6580631,1.427974,-0.1849051,-0.6541719,-1.433976,-0.1443707,0.02604967,1.411514,-0.1471883,0.001766066,-1.423776,-0.180815,0.6834059,2.705078E-08,-0.03521352,0.6563998,1.383529,-0.1644526,0.6591066
96,-1.41918,-0.1765389,-0.6401554,3.178772E-08,-0.03479252,-0.6563832,1.434943,-0.173159,-0.6648005,-1.430826,-0.1532523,0.01673504,1.424886,-0.1483176,-0.006901365,-1.430844,-0.1848665,0.6731676,2.067673E-08,-0.02140685,0.6580753,1.403211,-0.1788008,0.6493551
97,-1.402211,-0.1742158,-0.6506488,-4.623693E-08,-0.0225825,-0.657747,1.429996,-0.1856767,-0.6740351,-1.425912,-0.1379029,0.006282942,1.432003,-0.1482455,-0.01774055,-1.432856,-0.1811858,0.6632668,-3.144936E-08,-0.03359031,0.656355,1.421946,-0.1677091,0.6403363
98,-1.380211,-0.1732997,-0.6587952,-3.245404E-12,-0.03614178,-0.6564579,1.42411,-0.1767393,-0.6842698,-1.409902,-0.1505175,-0.002584552,1.432269,-0.1528095,-0.02661628,-1.428139,-0.1826707,0.6536553,4.421615E-09,-0.025273,0.6579577,1.428777,-0.1838364,0.6298549
99,-1.35239,-0.164076,-0.668216,1.087511E-08,-0.02344884,-0.6575277,1.407596,-0.1820244,-0.6933079,-1.393025,-0.1308296,-0.01186433,1.427417,-0.1455683,-0.03715252,-1.417464,-0.1763396,0.6444077,3.876026E-08,-0.03270825,0.6563565,1.434504,-0.1695779,0.6208123
100,-1.31909,-0.1642625,-0.6748962,-2.178291E-08,-0.03685107,-0.6565138,1.389791,-0.1737112,-0.7027403,-1.365781,-0.1423762,-0.01969627,1.415544,-0.1509001,-0.04565357,-1.401387,-0.1755012,0.6358486,5.165132E-08,-0.02747299,0.6578696,1.429752,-0.1830569,0.6105828
101,-1.280457,-0.1502789,-0.6828828,1.738898E-08,-0.02408923,-0.6573771,1.361986,-0.1738372,-0.7110754,-1.337108,-0.1204585,-0.02755452,1.399095,-0.1384587,-0.05552268,-1.378704,-0.1668904,0.6276348,1.627319E-08,-0.03205664,0.6563698,1.423215,-0.1662305,0.6018923
102,-1.233991,-0.1524232,-0.6879933,8.066417E-08,-0.03814742,-0.6566467,1.33076,-0.1676474,-0.7195109,-1.297329,-0.1305887,-0.0342544,1.374129,-0.1452606,-0.06358417,-1.350171,-0.1638857,0.6202752,-4.389496E-08,-0.03148594,0.6576897,1.406279,-0.1778869,0.5919628
103,-1.18352,-0.1305303,-0.6942981,-7.17878E-08,-0.02578022,-0.6570317,1.290831,-0.1597923,-0.726932,-1.255293,-0.1071069,-0.04019262,1.345458,-0.1242763,-0.07232541,-1.314143,-0.1531535,0.6133454,-4.854611E-08,-0.03034636,0.6564534,1.38623,-0.1589467,0.5839386
104,-1.127575,-0.1376776,-0.6968631,-1.158305E-09,-0.03944321,-0.6568198,1.248755,-0.157511,-0.7331476,-1.206429,-0.1154944,-0.04484385,1.308956,-0.135257,-0.0787506,-1.275574,-0.1485958,0.6083722,9.805617E-08,-0.03548785,0.6574862,1.358472,-0.1681061,0.5757122
105,-1.069584,-0.1108639,-0.7007049,1.506195E-07,-0.02651432,-0.6569039,1.200143,-0.1435824,-0.7385809,-1.155347,-0.0904113,-0.04819191,1.270562,-0.1084954,-0.08531323,-1.229672,-0.1365873,0.6036311,-1.302815E-07,-0.02960718,0.6565115,1.327343,-0.1467501,0.5695609
106,-1.001658,-0.1212507,-0.7008926,3.220062E-07,-0.04074258,-0.6570325,1.145184,-0.1442895,-0.7427031,-1.09463,-0.09824723,-0.05073677,1.221138,-0.1217762,-0.09011853,-1.178859,-0.1307052,0.6009743,5.142573E-08,-0.03949414,0.6572573,1.287144,-0.1544914,0.5629464
107,-0.9347106,-0.08856075,-0.7022577,1.338602E-07,-0.02787356,-0.6567025,1.086758,-0.1238648,-0.7460539,-1.033112,-0.07257804,-0.05140213,1.172224,-0.0881917,-0.09430242,-1.122043,-0.117815,0.5984485,-1.902556E-07,-0.02824323,0.656655,1.244118,-0.1316197,0.5587608
108,-0.8609408,-0.102798,-0.6998178,-1.984076E-07,-0.04062555,-0.6571897,1.024109,-0.1271009,-0.7474747,-0.9661213,-0.07894163,-0.05151597,1.11417,-0.104321,-0.09677806,-1.063657,-0.1107227,0.5985529,-3.53885E-07,-0.04111037,0.6570993,1.195172,-0.1369173,0.5546594
109,-0.7830371,-0.06659652,-0.6985596,-2.821537E-09,-0.02931132,-0.6565401,0.9540466,-0.102728,-0.7484946,-0.8925509,-0.05461359,-0.04940987,1.052548,-0.06940979,-0.09831062,-0.9945299,-0.09833573,0.5984642,6.119373E-08,-0.02680811,0.6568549,1.138963,-0.1143088,0.5526758
110,-0.7024788,-0.08143224,-0.6937104,-2.954309E-07,-0.03630846,-0.657443,0.882843,-0.105908,-0.7472163,-0.8183362,-0.05566803,-0.04719745,0.9857801,-0.0818243,-0.0985768,-0.9278227,-0.08578575,0.6013801,1.159764E-07,-0.03970853,0.6568586,1.080753,-0.113282,0.5511628
111,-0.6200106,-0.05120533,-0.6896689,-8.169035E-08,-0.03028112,-0.65646,0.8071642,-0.08245625,-0.7457514,-0.7392411,-0.03756182,-0.04250828,0.9167371,-0.05195037,-0.09720279,-0.8522031,-0.07975446,0.6035648,1.883223E-07,-0.02584484,0.6570185,1.016249,-0.09590354,0.5517542
112,-0.5326494,-0.06268698,-0.6829566,2.268759E-08,-0.03242043,-0.6576455,0.7270671,-0.08570309,-0.7418437,-0.6570561,-0.03470104,-0.03798758,0.8409647,-0.05995597,-0.09514759,-0.7759019,-0.06786019,0.6087915,5.918913E-08,-0.03844949,0.6566827,0.9481329,-0.08991826,0.552928
113,-0.4418661,-0.0398921,-0.6760289,2.999479E-08,-0.03196889,-0.6563736,0.6423123,-0.06241218,-0.7379432,-0.5689425,-0.0234241,-0.03079222,0.7612296,-0.03646857,-0.09084448,-0.6911981,-0.062901,0.6136817,-4.921659E-07,-0.02417601,0.6573566,0.8724427,-0.07825857,0.5560272
114,-0.3523821,-0.04691117,-0.668211,6.501838E-08,-0.02794499,-0.6578511,0.5575988,-0.06725997,-0.7316582,-0.4831863,-0.01611756,-0.0244254,0.680507,-0.03918773,-0.08671229,-0.6095176,-0.05250056,0.6207592,-1.10073E-07,-0.03700345,0.6565258,0.7980628,-0.06698845,0.5598972
115,-0.2615893,-0.03102491,-0.6596713,1.808442E-07,-0.03283086,-0.6563569,0.4711354,-0.04635093,-0.7259122,-0.3940226,-0.01223065,-0.01573255,0.5975214,-0.02200684,-0.08016806,-0.5230914,-0.04947403,0.6275342,-2.756826E-07,-0.02332751,0.6575555,0.7180698,-0.06201669,0.565004
time,sat0x,sat0y,sat0z,sat1x,sat1y,sat1z,sat2x,sat2y,sat2z,sat3x,sat3y,sat3z,sat4x,sat4y,sat4z,sat5x,sat5y,sat5z,sat6x,sat6y,sat6z,sat7x,sat7y,sat7z
1,-1.411412,-0.1900787,-0.6446373,-7.466875E-09,-0.04134417,-0.657145,1.432715,-0.1932955,-0.6684532,-1.428576,-0.1608429,0.01168839,1.428144,-0.1629066,-0.01185807,-1.434149,-0.1865668,0.669221,-1.734941E-08,-0.04134417,0.6571445,1.411972,-0.1874228,0.6447328
time,sat0x,sat0y,sat0z,sat1x,sat1y,sat1z,sat2x,sat2y,sat2z,sat3x,sat3y,sat3z,sat4x,sat4y,sat4z,sat5x,sat5y,sat5z,sat6x,sat6y,sat6z,sat7x,sat7y,sat7z
1,-1.405901,-0.1806099,-0.6482683,2.84041E-08,-0.02697833,-0.6578913,1.431087,-0.1887601,-0.671752,-1.42698,-0.147126,0.008251517,1.430456,-0.1541518,-0.01550615,-1.433924,-0.1807783,0.665799,1.987502E-08,-0.03669142,0.6565003,1.418187,-0.1744712,0.641922
time,sat0x,sat0y,sat0z,sat1x,sat1y,sat1z,sat2x,sat2y,sat2z,sat3x,sat3y,sat3z,sat4x,sat4y,sat4z,sat5x,sat5y,sat5z,sat6x,sat6y,sat6z,sat7x,sat7y,sat7z
1,-1.411281,-0.1898561,-0.644725,-7.466875E-09,-0.0410049,-0.6571662,1.432677,-0.1931902,-0.6685338,-1.428539,-0.1605194,0.01159622,1.428199,-0.1627007,-0.01194945,-1.434204,-0.1861446,0.669159,-1.475377E-08,-0.04123376,0.6571193,1.41212,-0.1871161,0.6446523
2,-1.411,-0.1893748,-0.6449139,4.602903E-09,-0.04027233,-0.6572115,1.432594,-0.1929599,-0.6686969,-1.428457,-0.1598208,0.01140924,1.428317,-0.1622553,-0.01214523,-1.434324,-0.1852335,0.6690279,2.391442E-09,-0.0409954,0.6570768,1.412437,-0.1864552,0.6444911
time,sat0x,sat0y,sat0z,sat1x,sat1y,sat1z,sat2x,sat2y,sat2z,sat3x,sat3y,sat3z,sat4x,sat4y,sat4z,sat5x,sat5y,sat5z,sat6x,sat6y,sat6z,sat7x,sat7y,sat7z
1,-1.411412,-0.1900787,-0.6446373,-7.466875E-09,-0.04134417,-0.657145,1.432715,-0.1932955,-0.6684532,-1.428576,-0.1608429,0.01168839,1.428144,-0.1629066,-0.01185807,-1.434149,-0.1865668,0.669221,-1.734941E-08,-0.04134417,0.6571445,1.411972,-0.1874228,0.6447328
time,sat0x,sat0y,sat0z,sat1x,sat1y,sat1z,sat2x,sat2y,sat2z,sat3x,sat3y,sat3z,sat4x,sat4y,sat4z,sat5x,sat5y,sat5z,sat6x,sat6y,sat6z,sat7x,sat7y,sat7z
time,sat0x,sat0y,sat0z,sat1x,sat1y,sat1z,sat2x,sat2y,sat2z,sat3x,sat3y,sat3z,sat4x,sat4y,sat4z,sat5x,sat5y,sat5z,sat6x,sat6y,sat6z,sat7x,sat7y,sat7z
time,sat0x,sat0y,sat0z,sat1x,sat1y,sat1z,sat2x,sat2y,sat2z,sat3x,sat3y,sat3z,sat4x,sat4y,sat4z,sat5x,sat5y,sat5z,sat6x,sat6y,sat6z,sat7x,sat7y,sat7z
1,-1.409641,-0.1870482,-0.6458147,4.602903E-09,-0.03673457,-0.6574187,1.432192,-0.1918489,-0.6695014,-1.428064,-0.1564449,0.01051971,1.428887,-0.1601038,-0.01306968,-1.434902,-0.1808359,0.6684418,-1.137015E-08,-0.03984692,0.6568787,1.413969,-0.1832624,0.6437328
time,sat0x,sat0y,sat0z,sat1x,sat1y,sat1z,sat2x,sat2y,sat2z,sat3x,sat3y,sat3z,sat4x,sat4y,sat4z,sat5x,sat5y,sat5z,sat6x,sat6y,sat6z,sat7x,sat7y,sat7z
1,-1.411412,-0.1900787,-0.6446373,-7.466875E-09,-0.04134417,-0.657145,1.432715,-0.1932955,-0.6684532,-1.428576,-0.1608429,0.01168839,1.428144,-0.1629066,-0.01185807,-1.434149,-0.1865668,0.669221,-1.734941E-08,-0.04134417,0.6571445,1.411972,-0.1874228,0.6447328
2,-1.411162,-0.1896514,-0.6448044,1.633432E-08,-0.04069329,-0.6571856,1.432641,-0.1930916,-0.6686003,-1.428504,-0.1602226,0.01151928,1.428249,-0.1625114,-0.01203185,-1.434255,-0.1857576,0.6691038,-1.802613E-08,-0.0411324,0.6571039,1.412254,-0.1868353,0.6445864
