Distance,Numhops
16.33603,27
16.33603,27
16.33603,27
16.33603,27
16.33603,27
16.33603,27
16.33603,27
15.63681,26
15.63681,26
15.63681,26
14.93705,25
14.93705,25
14.93705,25
14.26222,24
14.26222,24
14.26222,24
13.17835,22
13.17835,22
13.17835,22
13.17835,22
12.93871,22
12.93871,22
12.93871,22
12.93871,22
12.51719,21
12.51719,21
12.51719,21
12.51719,21
12.51719,21
12.29335,21
12.29335,21
12.29335,21
12.29335,21
11.84496,20
11.84496,20
11.84496,20
11.84496,20
11.84496,20
11.60355,20
11.60355,20
11.60355,20
11.60355,20
11.60355,20
11.2134,19
11.2134,19
11.2134,19
11.2134,19
11.02027,19
11.02027,19
11.02027,19
11.02027,19
11.02027,19
10.93034,19
10.93034,19
10.93034,19
10.93034,19
10.93034,19
10.48404,18
10.48404,18
10.48404,18
10.48404,18
10.48404,18
10.48404,18
9.819066,17
9.819066,17
9.819066,17
9.819066,17
9.819066,17
9.594854,17
9.594854,17
9.594854,17
9.594854,17
9.594854,17
9.594854,17
9.594854,17
9.298594,16
9.298594,16
9.298594,16
9.298594,16
9.184305,16
9.184305,16
9.184305,16
9.184305,16
9.184305,16
9.178743,16
9.178743,16
9.178743,16
9.178743,16
9.178743,16
9.170346,16
9.170346,16
9.170346,16
9.170346,16
9.175251,16
9.175251,16
9.175251,16
9.175251,16
9.139422,16
9.139422,16
9.139422,16
9.139422,16
9.139422,16
9.13963,16
9.13963,16
9.13963,16
9.13963,16
9.13963,16
9.13963,16
9.13963,16
9.13963,16
9.137971,16
9.137971,16
9.137971,16
9.137971,16
9.137971,16
9.137971,16
9.137971,16
9.137971,16
9.137901,16
9.137901,16
9.137901,16
9.137901,16
9.137901,16
9.137901,16
9.137901,16
9.137901,16
9.138172,16
9.138172,16
9.138172,16
9.138172,16
9.138172,16
9.138172,16
9.138172,16
9.138172,16
9.138776,16
9.138776,16
9.138776,16
9.138776,16
9.138776,16
9.138776,16
9.138776,16
9.138776,16
9.139707,16
9.139707,16
9.139707,16
9.139707,16
9.139707,16
9.139707,16
9.139707,16
9.139707,16
9.140957,16
9.140957,16
9.140957,16
9.140957,16
9.140957,16
9.140957,16
9.140957,16
9.140957,16
9.14252,16
9.14252,16
9.14252,16
9.14252,16
9.14252,16
9.14252,16
9.14252,16
9.14252,16
9.144392,16
9.144392,16
9.144392,16
9.144392,16
9.144392,16
9.144392,16
9.144392,16
9.144392,16
9.146564,16
9.146564,16
9.146564,16
9.146564,16
9.146564,16
9.146564,16
9.146564,16
9.146564,16
9.149027,16
9.149027,16
9.149027,16
9.149027,16
9.149027,16
9.149027,16
9.149027,16
9.149027,16
9.151777,16
9.151777,16
9.151777,16
9.151777,16
9.151777,16
9.151777,16
9.151777,16
9.151777,16
9.154595,16
9.154595,16
9.154595,16
9.154595,16
9.154595,16
9.154595,16
9.154595,16
9.154595,16
9.157626,16
9.157626,16
9.157626,16
9.157626,16
9.157626,16
9.157626,16
9.157626,16
9.157626,16
9.158442,16
9.158442,16
9.158442,16
9.158442,16
9.158442,16
9.158442,16
9.158442,16
9.158442,16
9.156182,16
9.156182,16
9.156182,16
9.156182,16
9.156182,16
9.156182,16
9.156182,16
9.156182,16
9.154178,16
9.154178,16
9.154178,16
9.154178,16
9.154178,16
9.154178,16
9.154178,16
9.154178,16
9.152373,16
9.152373,16
9.152373,16
9.152373,16
9.152373,16
9.152373,16
9.152373,16
9.152373,16
9.150881,16
9.150881,16
9.150881,16
9.150881,16
9.150881,16
9.150881,16
9.150881,16
9.150881,16
9.149756,16
9.149756,16
9.149756,16
9.149756,16
9.149756,16
9.149756,16
9.149756,16
9.149756,16
9.148994,16
9.148994,16
9.148994,16
9.148994,16
9.148994,16
9.148994,16
9.148994,16
9.148994,16
9.148586,16
9.148586,16
9.148586,16
9.148586,16
9.148586,16
9.148586,16
9.148586,16
9.148586,16
9.148533,16
9.148533,16
9.148533,16
9.148533,16
9.148533,16
9.148533,16
9.148533,16
9.148533,16
9.148825,16
9.148825,16
9.148825,16
9.148825,16
9.148825,16
9.148825,16
9.148825,16
9.148825,16
9.149456,16
9.149456,16
9.149456,16
9.149456,16
9.149456,16
9.149456,16
9.149456,16
9.149456,16
9.150423,16
9.150423,16
9.150423,16
9.150423,16
9.150423,16
9.150423,16
9.150423,16
9.150423,16
9.151715,16
9.151715,16
9.151715,16
9.151715,16
9.151715,16
9.1Distance,Numhops
16.36941,27
16.36941,27
16.36941,27
16.36941,27
16.36941,27
16.36941,27
16.36941,27
16.36941,27
16.40153,27
16.40153,27
16.40153,27
16.40153,27
16.40153,27
16.40153,27
16.40153,27
16.40153,27
16.36894,27
16.36894,27
16.36894,27
16.36894,27
16.36894,27
16.36894,27
16.36894,27
16.37026,27
16.37026,27
16.37026,27
16.37026,27
16.37026,27
16.37026,27
16.37026,27
16.37026,27
16.37135,27
16.37135,27
16.37135,27
16.37135,27
16.37135,27
16.37135,27
16.37135,27
16.37135,27
16.37349,27
16.37349,27
16.37349,27
16.37349,27
16.37349,27
16.37349,27
16.37349,27
16.37349,27
16.37608,27
16.37608,27
16.37608,27
16.37608,27
16.37608,27
16.37608,27
16.37608,27
16.37608,27
16.37856,27
16.37856,27
16.37856,27
16.37856,27
16.37856,27
16.37856,27
16.37856,27
16.37856,27
16.38049,27
16.38049,27
16.38049,27
16.38049,27
16.38049,27
16.38049,27
16.38049,27
16.38049,27
16.38297,27
16.38297,27
16.38297,27
16.38297,27
16.38297,27
16.38297,27
16.38297,27
16.38297,27
16.386,27
16.386,27
16.386,27
16.386,27
16.386,27
16.386,27
16.386,27
16.386,27
16.38958,27
16.38958,27
16.38958,27
16.38958,27
16.38958,27
16.38958,27
16.38958,27
16.38958,27
16.39369,27
16.39369,27
16.39369,27
16.39369,27
16.39369,27
16.39369,27
16.39369,27
16.39369,27
16.39833,27
16.39833,27
16.39833,27
16.39833,27
16.39833,27
16.39833,27
16.39833,27
16.39833,27
16.4035,27
16.4035,27
16.4035,27
16.4035,27
16.4035,27
16.4035,27
16.4035,27
16.4035,27
16.40136,27
16.40136,27
16.40136,27
16.40136,27
16.40136,27
16.40136,27
16.40136,27
16.40136,27
16.39656,27
16.39656,27
16.39656,27
16.39656,27
16.39656,27
16.39656,27
16.39656,27
16.39656,27
16.39227,27
16.39227,27
16.39227,27
16.39227,27
16.39227,27
16.39227,27
16.39227,27
16.39227,27
16.3885,27
16.3885,27
16.3885,27
16.3885,27
16.3885,27
16.3885,27
16.3885,27
16.3885,27
16.38527,27
16.38527,27
16.38527,27
16.38527,27
16.38527,27
16.38527,27
16.38527,27
16.38527,27
16.38247,27
16.38247,27
16.38247,27
16.38247,27
16.38247,27
16.38247,27
16.38247,27
16.38247,27
16.38007,27
16.38007,27
16.38007,27
16.38007,27
16.38007,27
16.38007,27
16.38007,27
16.38007,27
16.37807,27
16.37807,27
16.37807,27
16.37807,27
16.37807,27
16.37807,27
16.37807,27
16.37807,27
16.37654,27
16.37654,27
16.37654,27
16.37654,27
16.37654,27
16.37654,27
16.37654,27
16.37654,27
16.36392,27
16.36392,27
16.36392,27
16.36392,27
16.36392,27
16.36392,27
16.36392,27
16.36392,27
16.36446,27
16.36446,27
16.36446,27
16.36446,27
16.36446,27
16.36446,27
16.36446,27
16.36446,27
16.36559,27
16.36559,27
16.36559,27
16.36559,27
16.36559,27
16.36559,27
16.36559,27
16.36559,27
16.36729,27
16.36729,27
16.36729,27
16.36729,27
16.36729,27
16.36729,27
16.36729,27
16.36729,27
16.36957,27
16.36957,27
16.36957,27
16.36957,27
16.36957,27
16.36957,27
16.36957,27
16.36957,27
16.37223,27
16.37223,27
16.37223,27
16.37223,27
16.37223,27
16.37223,27
16.37223,27
16.37223,27
16.3754,27
16.3754,27
16.3754,27
16.3754,27
16.3754,27
16.3754,27
16.3754,27
16.3754,27
16.3789,27
16.3789,27
16.3789,27
16.3789,27
16.3789,27
16.3789,27
16.3789,27
16.3789,27
16.38286,27
16.38286,27
16.38286,27
16.38286,27
16.38286,27
16.38286,27
16.38286,27
16.38286,27
16.38718,27
16.38718,27
16.38718,27
16.38718,27
16.38718,27
16.38718,27
16.38718,27
16.38718,27
16.39198,27
16.39198,27
16.39198,27
16.39198,27
16.39198,27
16.39198,27
16.39198,27
16.39198,27
16.39646,27
16.39646,27
16.39646,27
16.39646,27
16.39646,27
16.39646,27
16.39646,27
16.39646,27
16.40076,27
16.40076,27
16.40076,27
16.40076,27
16.40076,27
16.40076,27
16.40076,27
16.40076,27
16.40556,27
16.40556,27
16.40556,27
16.40556,27
16.40556,27
16.40556,27
16.40556,27
16.40556,27
16.41054,27
16.41054,27
16.41054,27
16.41054,27
16.41054,27
16.41054,27
16.41054,27
16.41054,27
16.40727,27
16.40727,27
16.40727,27
16.40727,27
16.40727,27
16.40727,27
16.40727,27
16.40727,27
16.40273,27
16.40273,27
16.40273,27
16.40273,27
16.40273,27
16.40273,27
16.40273,27
16.40273,27
16.3986,27
16.3986,27
16.3986,27
16.3986,27
16.3986,27
16.3986,27
16.3986,27
16.3986,27
16.39493,27
16.39493,27
16.39493,27
16.39493,27
16.39493,27
16.39493,27
16.39493,27
16.39493,27
16.39182,27
16.39182,27
16.39182,27
16.39182,27
16.39182,27
16.39182,27
16.39182,27
16.39182,27
16.38927,27
16.38927,27
16.38927,27
16.38927,27
16.38927,27
16.38927,27
16.38927,27
16.38927,27
16.38729,27
16.38729,27
16.38729,27
16.38729,27
16.38729,27
16.38729,27
16.38729,27
16.38729,27
16.38589,27
16.38589,27
16.38589,27
16.38589,27
16.38589,27
16.38589,27
16.38589,27
16.38589,27
16.38508,27
16.38508,27
16.38508,27
16.38508,27
16.38508,27
16.38508,27
16.38508,27
16.38508,27
16.38485,27
16.38485,27
16.38485,27
16.38485,27
16.38485,27
16.38485,27
16.38485,27
16.38485,27
16.38522,27
16.38522,27
16.38522,27
16.38522,27
16.38522,27
16.38522,27
16.38522,27
16.38522,27
16.38618,27
16.38618,27
16.38618,27
16.38618,27
16.38618,27
16.38618,27
16.38618,27
16.38618,27
16.38773,27
16.38773,27
16.38773,27
16.38773,27
16.38773,27
16.38773,27
16.38773,27
16.38773,27
16.37487,27
16.37487,27
16.37487,27
16.37487,27
16.37487,27
16.37487,27
16.37487,27
16.37487,27
16.37644,27
16.37644,27
16.37644,27
16.37644,27
16.37644,27
16.37644,27
16.37644,27
16.37644,27
16.37858,27
16.37858,27
16.37858,27
16.37858,27
16.37858,27
16.37858,27
16.37858,27
16.37858,27
16.38127,27
16.38127,27
16.38127,27
16.38127,27
16.38127,27
16.38127,27
16.38127,27
16.38127,27
16.38451,27
16.38451,27
16.38451,27
16.38451,27
16.38451,27
16.38451,27
16.38451,27
16.38451,27
16.38828,27
16.38828,27
16.38828,27
16.38828,27
16.38828,27
16.38828,27
16.38828,27
16.38828,27
16.39259,27
16.39259,27
16.39259,27
16.39259,27
16.39259,27
16.39259,27
16.39259,27
16.39259,27
16.39742,27
16.39742,27
16.39742,27
16.39742,27
16.39742,27
16.39742,27
16.39742,27
16.39742,27
16.40266,27
16.40266,27
16.40266,27
16.40266,27
16.40266,27
16.40266,27
16.40266,27
16.40266,27
16.40205,27
16.40205,27
16.40205,27
16.40205,27
16.40205,27
16.40205,27
16.40205,27
16.40205,27
16.39743,27
16.39743,27
16.39743,27
16.39743,27
16.39743,27
16.39743,27
16.39743,27
16.39743,27
16.39332,27
16.39332,27
16.39332,27
16.39332,27
16.39332,27
16.39332,27
16.39332,27
16.39332,27
16.38951,27
16.38951,27
16.38951,27
16.38951,27
16.38951,27
16.38951,27
16.38951,27
16.38951,27
16.38617,27
16.38617,27
16.38617,27
16.38617,27
16.38617,27
16.38617,27
16.38617,27
16.38617,27
16.3832,27
16.3832,27
16.3832,27
16.3832,27
16.3832,27
16.3832,27
16.3832,27
16.3832,27
16.38065,27
16.38065,27
16.38065,27
16.38065,27
16.38065,27
16.38065,27
16.38065,27
16.38065,27
16.37855,27
16.37855,27
16.37855,27
16.37855,27
16.37855,27
16.37855,27
16.37855,27
16.37855,27
16.37693,27
16.37693,27
16.37693,27
16.37693,27
16.37693,27
16.37693,27
16.37693,27
16.37693,27
16.37586,27
16.37586,27
16.37586,27
16.37586,27
16.37586,27
16.37586,27
16.37586,27
16.37586,27
16.37536,27
16.37536,27
16.37536,27
16.37536,27
16.37536,27
16.37536,27
16.37536,27
16.37536,27
16.37546,27
16.37546,27
16.37546,27
16.37546,27
16.37546,27
16.37546,27
16.37546,27
16.37546,27
16.37614,27
16.37614,27
16.37614,27
16.37614,27
16.37614,27
16.37614,27
16.37614,27
16.37614,27
16.37741,27
16.37741,27
16.37741,27
16.37741,27
16.37741,27
16.37741,27
16.37741,27
16.37741,27
16.37458,27
16.37458,27
16.37458,27
16.37458,27
16.37458,27
16.37458,27
16.37458,27
16.37458,27
16.37752,27
16.37752,27
16.37752,27
16.37752,27
16.37752,27
16.37752,27
16.37752,27
16.37752,27
16.38094,27
16.38094,27
16.38094,27
16.38094,27
16.38094,27
16.38094,27
16.38094,27
16.38094,27
16.38465,27
16.38465,27
16.38465,27
16.38465,27
16.38465,27
16.38465,27
16.38465,27
16.38465,27
16.38759,27
16.38759,27
16.38759,27
16.38759,27
16.38759,27
16.38759,27
16.38759,27
16.38759,27
16.39105,27
16.39105,27
16.39105,27
16.39105,27
16.39105,27
16.39105,27
16.39105,27
16.39105,27
16.39503,27
16.39503,27
16.39503,27
16.39503,27
16.39503,27
16.39503,27
16.39503,27
16.39503,27
16.39948,27
16.39948,27
16.39948,27
16.39948,27
16.39948,27
16.39948,27
16.39948,27
16.39948,27
16.40112,27
16.40112,27
16.40112,27
16.40112,27
16.40112,27
16.40112,27
16.40112,27
16.40112,27
16.40332,27
16.40332,27
16.40332,27
16.40332,27
16.40332,27
16.40332,27
16.40332,27
16.40332,27
16.40764,27
16.40764,27
16.40764,27
16.40764,27
16.40764,27
16.40764,27
16.40764,27
16.40764,27
16.40308,27
16.40308,27
16.40308,27
16.40308,27
16.40308,27
16.40308,27
16.40308,27
16.40308,27
16.39907,27
16.39907,27
16.39907,27
16.39907,27
16.39907,27
16.39907,27
16.39907,27
16.39907,27
16.39561,27
16.39561,27
16.39561,27
16.39561,27
16.39561,27
16.39561,27
16.39561,27
16.39561,27
16.39272,27
16.39272,27
16.39272,27
16.39272,27
16.39272,27
16.39272,27
16.39272,27
16.39272,27
16.3904,27
16.3904,27
16.3904,27
16.3904,27
16.3904,27
16.3904,27
16.3904,27
16.3904,27
16.38865,27
16.38865,27
16.38865,27
16.38865,27
16.38865,27
16.38865,27
16.38865,27
16.38865,27
16.38749,27
16.38749,27
16.38749,27
16.38749,27
16.38749,27
16.38749,27
16.38749,27
16.38749,27
16.38691,27
16.38691,27
16.38691,27
16.38691,27
16.38691,27
16.38691,27
16.38691,27
16.38691,27
16.38693,27
16.38693,27
16.38693,27
16.38693,27
16.38693,27
16.38693,27
16.38693,27
16.38693,27
16.38738,27
16.38738,27
16.38738,27
16.38738,27
16.38738,27
16.38738,27
16.38738,27
16.38738,27
16.38835,27
16.38835,27
16.38835,27
16.38835,27
16.38835,27
16.38835,27
16.38835,27
16.38835,27
16.38971,27
16.38971,27
16.38971,27
16.38971,27
16.38971,27
16.38971,27
16.38971,27
16.38971,27
16.39163,27
16.39163,27
16.39163,27
16.39163,27
16.39163,27
16.39163,27
16.39163,27
16.39163,27
16.39399,27
16.39399,27
16.39399,27
16.39399,27
16.39399,27
16.39399,27
16.39399,27
16.39399,27
16.39697,27
16.39697,27
16.39697,27
16.39697,27
16.39697,27
16.39697,27
16.39697,27
16.39697,27
16.40057,27
16.40057,27
16.40057,27
16.40057,27
16.40057,27
16.40057,27
16.40057,27
16.40057,27
16.40479,27
16.40479,27
16.40479,27
16.40479,27
16.40479,27
16.40479,27
16.40479,27
16.40479,27
16.40964,27
16.40964,27
16.40964,27
16.40964,27
16.40964,27
16.40964,27
16.40964,27
16.40964,27
16.41511,27
16.41511,27
16.41511,27
16.41511,27
16.41511,27
16.41511,27
16.41511,27
16.41511,27
16.41474,27
16.41474,27
16.41474,27
16.41474,27
16.41474,27
16.41474,27
16.41474,27
16.41474,27
16.40927,27
16.40927,27
16.40927,27
16.40927,27
16.40927,27
16.40927,27
16.40927,27
16.40927,27
16.40417,27
16.40417,27
16.40417,27
16.40417,27
16.40417,27
16.40417,27
16.40417,27
16.40417,27
16.39949,27
16.39949,27
16.39949,27
16.39949,27
16.39949,27
16.39949,27
16.39949,27
16.39949Distance,Numhops
16.40599,27
16.40599,27
16.40599,27
16.40599,27
16.40599,27
16.40599,27
16.40599,27
16.40043,27
16.40043,27
16.40043,27
16.40043,27
16.40043,27
16.40043,27
16.40043,27
16.40043,27
16.39919,27
16.39919,27
16.39919,27
16.39919,27
16.39919,27
16.39919,27
16.39919,27
16.39919,27
16.37403,27
16.37403,27
16.37403,27
16.37403,27
16.37403,27
16.37403,27
16.37403,27
16.37403,27
16.37145,27
16.37145,27
16.37145,27
16.37145,27
16.37145,27
16.37145,27
16.37145,27
16.37145,27
16.36946,27
16.36946,27
16.36946,27
16.36946,27
16.36946,27
16.36946,27
16.36946,27
16.36946,27
16.36805,27
16.36805,27
16.36805,27
16.36805,27
16.36805,27
16.36805,27
16.36805,27
16.36805,27
16.36723,27
16.36723,27
16.36723,27
16.36723,27
16.36723,27
16.36723,27
16.36723,27
16.36723,27
16.36698,27
16.36698,27
16.36698,27
16.36698,27
16.36698,27
16.36698,27
16.36698,27
16.36698,27
16.3673,27
16.3673,27
16.3673,27
16.3673,27
16.3673,27
16.3673,27
16.3673,27
16.3673,27
16.36819,27
16.36819,27
16.36819,27
16.36819,27
16.36819,27
16.36819,27
16.36819,27
16.36819,27
16.36963,27
16.36963,27
16.36963,27
16.36963,27
16.36963,27
16.36963,27
16.36963,27
16.36963,27
16.37163,27
16.37163,27
16.37163,27
16.37163,27
16.37163,27
16.37163,27
16.37163,27
16.37163,27
16.37408,27
16.37408,27
16.37408,27
16.37408,27
16.37408,27
16.37408,27
16.37408,27
16.37408,27
16.37695,27
16.37695,27
16.37695,27
16.37695,27
16.37695,27
16.37695,27
16.37695,27
16.37695,27
16.38018,27
16.38018,27
16.38018,27
16.38018,27
16.38018,27
16.38018,27
16.38018,27
16.38018,27
16.38389,27
16.38389,27
16.38389,27
16.38389,27
16.38389,27
16.38389,27
16.38389,27
16.38389,27
16.38788,27
16.38788,27
16.38788,27
16.38788,27
16.38788,27
16.38788,27
16.38788,27
16.38788,27
16.39086,27
16.39086,27
16.39086,27
16.39086,27
16.39086,27
16.39086,27
16.39086,27
16.39086,27
16.39438,27
16.39438,27
16.39438,27
16.39438,27
16.39438,27
16.39438,2Distance,Numhops
16.38667,27
16.38667,27
16.38667,27
16.38667,27
16.38667,27
16.38667,27
16.38667,27
16.39839,27
16.39839,27
16.39839,27
16.3891,27
16.3891,27
16.3891,27
16.3891,27
16.38898,27
16.38898,27
16.38898,27
16.38898,27
16.38898,27
16.38898,27
16.38898,27
16.38898,27
16.39774,27
16.39774,27
16.39774,27
16.39774,27
16.39774,27
16.39774,27
16.39774,27
16.39774,27
16.40123,27
16.40123,27
16.40123,27
16.40123,27
16.40123,27
16.40123,27
16.40123,27
16.40123,27
16.40408,27
16.40408,27
16.40408,27
16.40408,27
16.40408,27
16.40408,27
16.40408,27
16.40408,27
16.40755,27
16.40755,27
16.40755,27
16.40755,27
16.40755,27
16.40755,27
16.40755,27
16.40755,27
16.40814,27
16.40814,27
16.40814,27
16.40814,27
16.40814,27
16.40814,27
16.40814,27
16.40814,27
16.40611,27
16.40611,27
16.40611,27
16.40611,27
16.40611,27
16.40611,27
16.40611,27
16.40611,27
16.40457,27
16.40457,27
16.40457,27
16.40457,27
16.40457,27
16.40457,27
16.40457,27
16.40457,27
16.40347,27
16.40347,27
16.40347,27
16.40347,27
16.40347,27
16.40347,27
16.40347,27
16.40347,27
16.40284,27
16.40284,27
16.40284,27
16.40284,27
16.40284,27
16.40284,27
16.40284,27
16.40284,27
16.40276,27
16.40276,27
16.40276,27
16.40276,27
16.40276,27
16.40276,27
16.40276,27
16.40276,27
16.40324,27
16.40324,27
16.40324,27
16.40324,27
16.40324,27
16.40324,27
16.40324,27
16.40324,27
16.40428,27
16.40428,27
16.40428,27
16.40428,27
16.40428,27
16.40428,27
16.40428,27
16.40428,27
16.40495,27
16.40495,27
16.40495,27
16.40495,27
16.40495,27
16.40495,27
16.40495,27
16.40495,27
16.40118,27
16.40118,27
16.40118,27
16.40118,27
16.40118,27
16.40118,27
16.40118,27
16.40118,27
16.39796,27
16.39796,27
16.39796,27
16.39796,27
16.39796,27
16.39796,27
16.39796,27
16.39796,27
16.39531,27
16.39531,27
16.39531,27
16.39531,27
16.39531,27
16.39531,27
16.39531,27
16.39531,27
16.39323,27
16.39323,27
16.39323,27
16.39323,27
16.39323,27
16.39323,27
16.39323,27
16.39323,27
16.39173,27
16.39173,27
16.39173,27
16.39173,27
16.39173,27
16.39173,27
16.39173,27
16.39173,27
16.39081,27
16.39081,27
16.39081,27
16.39081,27
16.39081,27
16.39081,27
16.39081,27
16.39081,27
16.39037,27
16.39037,27
16.39037,27
16.39037,27
16.39037,27
16.39037,27
16.39037,27
16.39037,27
16.38924,27
16.38924,27
16.38924,27
16.38924,27
16.38924,27
16.38924,27
16.38924,27
16.38924,27
16.38813,27
16.38813,27
16.38813,27
16.38813,27
16.38813,27
16.38813,27
16.38813,27
16.38813,27
16.38755,27
16.38755,27
16.38755,27
16.38755,27
16.38755,27
16.38755,27
16.38755,27
16.38755,27
16.38564,27
16.38564,27
16.38564,27
16.38564,27
16.38564,27
16.38564,27
16.38564,27
16.38564,27
16.38339,27
16.38339,27
16.38339,27
16.38339,27
16.38339,27
16.38339,27
16.38339,27
16.38339,27
16.38168,27
16.38168,27
16.38168,27
16.38168,27
16.38168,27
16.38168,27
16.38168,27
16.38168,27
16.38053,27
16.38053,27
16.38053,27
16.38053,27
16.38053,27
16.38053,27
16.38053,27
16.38053,27
16.37993,27
16.37993,27
16.37993,27
16.37993,27
16.37993,27
16.37993,27
16.37993,27
16.37993,27
16.39988,27
16.39988,27
16.39988,27
16.39988,27
16.38707,27
16.38707,27
16.38707,27
16.38707,27
16.38614,27
16.38614,27
16.38614,27
16.38614,27
16.38748,27
16.38748,27
16.38748,27
16.38748,27
16.38748,27
16.38748,27
16.38748,27
16.38748,27
16.40005,27
16.40005,27
16.40005,27
16.40005,27
16.40005,27
16.40005,27
16.40005,27
16.40005,27
16.40355,27
16.40355,27
16.40355,27
16.40355,27
16.40355,27
16.40355,27
16.40355,27
16.40355,27
16.40759,27
16.40759,27
16.40759,27
16.40759,27
16.40759,27
16.40759,27
16.40759,27
16.40759,27
16.41215,27
16.41215,27
16.41215,27
16.41215,27
16.41215,27
16.41215,27
16.41215,27
16.41215,27
16.41725,27
16.41725,27
16.41725,27
16.41725,27
16.41725,27
16.41725,27
16.41725,27
16.41725,27
16.42287,27
16.42287,27
16.42287,27
16.42287,27
16.42287,27
16.42287,27
16.42287,27
16.42287,27
16.4263,27
16.4263,27
16.4263,27
16.4263,27
16.4263,27
16.4263,27
16.4263,27
16.4263,27
16.41969,27
16.41969,27
16.41969,27
16.41969,27
16.41969,27
16.41969,27
16.41969,27
16.41969,27
16.41358,27
16.41358,27
16.41358,27
16.41358,27
16.41358,27
16.41358,27
16.41358,27
16.41358,27
16.40792,27
16.40792,27
16.40792,27
16.40792,27
16.40792,27
16.40792,27
16.40792,27
16.40792,27
16.40276,27
16.40276,27
16.40276,27
16.40276,27
16.40276,27
16.40276,27
16.40276,27
16.40276,27
16.39815,27
16.39815,27
16.39815,27
16.39815,27
16.39815,27
16.39815,27
16.39815,27
16.39815,27
16.39409,27
16.39409,27
16.39409,27
16.39409,27
16.39409,27
16.39409,27
16.39409,27
16.39409,27
16.39057,27
16.39057,27
16.39057,27
16.39057,27
16.39057,27
16.39057,27
16.39057,27
16.39057,27
16.38762,27
16.38762,27
16.38762,27
16.38762,27
16.38762,27
16.38762,27
16.38762,27
16.38762,27
16.38521,27
16.38521,27
16.38521,27
16.38521,27
16.38521,27
16.38521,27
16.38521,27
16.38521,27
16.38336,27
16.38336,27
16.38336,27
16.38336,27
16.38336,27
16.38336,27
16.38336,27
16.38336,27
16.38196,27
16.38196,27
16.38196,27
16.38196,27
16.38196,27
16.38196,27
16.38196,27
16.38196,27
16.38106,27
16.38106,27
16.38106,27
16.38106,27
16.38106,27
16.38106,27
16.38106,27
16.38106,27
16.3805,27
16.3805,27
16.3805,27
16.3805,27
16.3805,27
16.3805,27
16.3805,27
16.3805,27
16.38039,27
16.38039,27
16.38039,27
16.38039,27
16.38039,27
16.38039,27
16.38039,27
16.38039,27
16.38069,27
16.38069,27
16.38069,27
16.38069,27
16.38069,27
16.38069,27
16.38069,27
16.38069,27
16.38137,27
16.38137,27
16.38137,27
16.38137,27
16.38137,27
16.38137,27
16.38137,27
16.38137,27
16.42531,27
16.42531,27
16.42531,27
16.42531,27
16.42531,27
16.42531,27
16.42531,27
16.42531,27
16.42872,27
16.42872,27
16.42872,27
16.42872,27
16.42872,27
16.42872,27
16.42872,27
16.42872,27
16.42616,27
16.42616,27
16.42616,27
16.42616,27
16.42616,27
16.42616,27
16.42616,27
16.42616,27
16.41966,27
16.41966,27
16.41966,27
16.41966,27
16.41966,27
16.41966,27
16.41966,27
16.41966,27
16.41339,27
16.41339,27
16.41339,27
16.41339,27
16.41339,27
16.41339,27
16.41339,27
16.41339,27
16.40766,27
16.40766,27
16.40766,27
16.40766,27
16.40766,27
16.40766,27
16.40766,27
16.40766,27
16.40248,27
16.40248,27
16.40248,27
16.40248,27
16.40248,27
16.40248,27
16.40248,27
16.40248,27
16.39785,27
16.39785,27
16.39785,27
16.39785,27
16.39785,27
16.39785,27
16.39785,27
16.39785,27
16.39355,27
16.39355,27
16.39355,27
16.39355,27
16.39355,27
16.39355,27
16.39355,27
16.39355,27
16.38974,27
16.38974,27
16.38974,27
16.38974,27
16.38974,27
16.38974,27
16.38974,27
16.38974,27
16.3863,27
16.3863,27
16.3863,27
16.3863,27
16.3863,27
16.3863,27
16.3863,27
16.3863,27
16.38329,27
16.38329,27
16.38329,27
16.38329,27
16.38329,27
16.38329,27
16.38329,27
16.38329,27
16.38069,27
16.38069,27
16.38069,27
16.38069,27
16.38069,27
16.38069,27
16.38069,27
16.38069,27
16.37864,27
16.37864,27
16.37864,27
16.37864,27
16.37864,27
16.37864,27
16.37864,27
16.37864,27
16.37713,27
16.37713,27
16.37713,27
16.37713,27
16.37713,27
16.37713,27
16.37713,27
16.37713,27
16.37617,27
16.37617,27
16.37617,27
16.37617,27
16.37617,27
16.37617,27
16.37617,27
16.37617,27
16.37575,27
16.37575,27
16.37575,27
16.37575,27
16.37575,27
16.37575,27
16.37575,27
16.37575,27
16.37587,27
16.37587,27
16.37587,27
16.37587,27
16.37587,27
16.37587,27
16.37587,27
16.37587,27
16.37653,27
16.37653,27
16.37653,27
16.37653,27
16.37653,27
16.37653,27
16.37653,27
16.37653,27
16.37772,27
16.37772,27
16.37772,27
16.37772,27
16.37772,27
16.37772,27
16.37772,27
16.37772,27
16.37946,27
16.37946,27
16.37946,27
16.37946,27
16.37946,27
16.37946,27
16.37946,27
16.37946,27
16.38172,27
16.38172,27
16.38172,27
16.38172,27
16.38172,27
16.38172,27
16.38172,27
16.38172,27
16.38431,27
16.38431,27
16.38431,27
16.38431,27
16.38431,27
16.38431,27
16.38431,27
16.38431,27
16.39373,27
16.39373,27
16.39373,27
16.39373,27
16.39373,27
16.39373,27
16.39373,27
16.39373,27
16.39741,27
16.39741,27
16.39741,27
16.39741,27
16.39741,27
16.39741,27
16.39741,27
16.39741,27
16.40162,27
16.40162,27
16.40162,27
16.40162,27
16.40162,27
16.40162,27
16.40162,27
16.40162,27
16.40637,27
16.40637,27
16.40637,27
16.40637,27
16.40637,27
16.40637,27
16.40637,27
16.40637,27
16.41146,27
16.41146,27
16.41146,27
16.41146,27
16.41146,27
16.41146,27
16.41146,27
16.41146,27
16.41701,27
16.41701,27
16.41701,27
16.41701,27
16.41701,27
16.41701,27
16.41701,27
16.41701,27
16.4229,27
16.4229,27
16.4229,27
16.4229,27
16.4229,27
16.4229,27
16.4229,27
16.4229,27
16.41666,27
16.41666,27
16.41666,27
16.41666,27
16.41666,27
16.41666,27
16.41666,27
16.41666,27
16.41063,27
16.41063,27
16.41063,27
16.41063,27
16.41063,27
16.41063,27
16.41063,27
16.41063,27
16.40513,27
16.40513,27
16.40513,27
16.40513,27
16.40513,27
16.40513,27
16.40513,27
16.40513,27
16.40019,27
16.40019,27
16.40019,27
16.40019,27
16.40019,27
16.40019,27
16.40019,27
16.40019,27
16.3958,27
16.3958,27
16.3958,27
16.3958,27
16.3958,27
16.3958,27
16.3958,27
16.3958,27
16.39196,27
16.39196,27
16.39196,27
16.39196,27
16.39196,27
16.39196,27
16.39196,27
16.39196,27
16.38867,27
16.38867,27
16.38867,27
16.38867,27
16.38867,27
16.38867,27
16.38867,27
16.38867,27
16.38587,27
16.38587,27
16.38587,27
16.38587,27
16.38587,27
16.38587,27
16.38587,27
16.38587,27
16.38356,27
16.38356,27
16.38356,27
16.38356,27
16.38356,27
16.38356,27
16.38356,27
16.38356,27
16.38163,27
16.38163,27
16.38163,27
16.38163,27
16.38163,27
16.38163,27
16.38163,27
16.38163,27
16.38017,27
16.38017,27
16.38017,27
16.38017,27
16.38017,27
16.38017,27
16.38017,27
16.38017,27
16.37903,27
16.37903,27
16.37903,27
16.37903,27
16.37903,27
16.37903,27
16.37903,27
16.37903,27
16.37837,27
16.37837,27
16.37837,27
16.37837,27
16.37837,27
16.37837,27
16.37837,27
16.37837,27
16.37805,27
16.37805,27
16.37805,27
16.37805,27
16.37805,27
16.37805,27
16.37805,27
16.37805,27
16.37828,27
16.37828,27
16.37828,27
16.37828,27
16.37828,27
16.37828,27
16.37828,27
16.37828,27
16.37905,27
16.37905,27
16.37905,27
16.37905,27
16.37905,27
16.37905,27
16.37905,27
16.37905,27
16.41925,27
16.41925,27
16.41925,27
16.41925,27
16.41925,27
16.41925,27
16.41925,27
16.41925,27
16.4226,27
16.4226,27
16.4226,27
16.4226,27
16.4226,27
16.4226,27
16.4226,27
16.4226,27
16.42641,27
16.42641,27
16.42641,27
16.42641,27
16.42641,27
16.42641,27
16.42641,27
16.42641,27
16.42227,27
16.42227,27
16.42227,27
16.42227,27
16.42227,27
16.42227,27
16.42227,27
16.42227,27
16.41619,27
16.41619,27
16.41619,27
16.41619,27
16.41619,27
16.41619,27
16.41619,27
16.41619,27
16.41054,27
16.41054,27
16.41054,27
16.41054,27
16.41054,27
16.41054,27
16.41054,27
16.41054,27
16.40533,27
16.40533,27
16.40533,27
16.40533,27
16.40533,27
16.40533,27
16.40533,27
16.40533,27
16.40049,27
16.40049,27
16.40049,27
16.40049,27
16.40049,27
16.40049,27
16.40049,27
16.40049,27
16.39613,27
16.39613,27
16.39613,27
16.39613,27
16.39613,27
16.39613,27
16.39613,27
16.39613,27
16.39209,27
16.39209,27
16.39209,27
16.39209,27
16.39209,27
16.39209,27
16.39209,27
16.39209,27
16.3886,27
16.3886,27
16.3886,27
16.3886,27
16.3886,27
16.3886,27
16.3886,27
16.3886,27
16.38564,27
16.38564,27
16.38564,27
16.38564,27
16.38564,27
16.38564,27
16.38564,27
16.38564,27
16.38324,27
16.38324,27
16.38324,27
16.38324,27
16.38324,27
16.38324,27
16.38324,27
16.38324,27
16.38137,27
16.38137,27
16.38137,27
16.38137,27
16.38137,27
16.38137,27
16.38137,27
16.38137,27
16.37919,27
16.37919,27
16.37919,27
16.37919,27
16.37919,27
16.37919,27
16.37919,27
16.37919,27
16.37824,27
16.37824,27
16.37824,27
16.37824,27
16.37824,27
16.37824,27
16.37824,27
16.37824,27
16.37782,27
16.37782,27
16.37782,27
16.37782,27
16.37782,27
16.37782,27
16.37782,27
16.37782,27
16.37793,27
16.37793,27
16.37793,27
16.37793,27
16.37793,27
16.37793,27
16.37793,27
16.37793,27
16.37857,27
16.37857,27
16.37857,27
16.37857,27
16.37857,27
16.37857,27
16.37857,27
16.37857,27
16.37975,27
16.37975,27
16.37975,27
16.37975,27
16.37975,27
16.37975,27
16.37975,27
16.37975,27
16.38147,27
16.38147,27
16.38147,27
16.38147,27
16.38147,27
16.38147,27
16.38147,27
16.38147,27
16.38372,27
16.38372,27
16.38372,27
16.38372,27
16.38372,27
16.38372,27
16.38372,27
16.38372,27
16.38651,27
16.38651,27
16.38651,27
16.38651,27
16.38651,27
16.38651,27
16.38651,27
16.38651,27
16.38983,27
16.38983,27
16.38983,27
16.38983,27
16.38983,27
16.38983,27
16.38983,27
16.38983,27
16.39359,27
16.39359,27
16.39359,27
16.39359,27
16.39359,27
16.39359,27
16.39359,27
16.39359,27
16.39774,27
16.39774,27
16.39774,27
16.39774,27
16.39774,27
16.39774,27
16.39774,27
16.39774,27
16.40228,27
16.40228,27
16.40228,27
16.40228,27
16.40228,27
16.40228,27
16.40228,27
16.40228,27
16.40728,27
16.40728,27
16.40728,27
16.40728,27
16.40728,27
16.40728,27
16.40728,27
16.40728,27
16.41261,27
16.41261,27
16.41261,27
16.41261,27
16.41261,27
16.41261,27
16.41261,27
16.41261,27
16.41844,27
16.41844,27
16.41844,27
16.41844,27
16.41844,27
16.41844,27
16.41844,27
16.41844,27
16.41611,27
16.41611,27
16.41611,27
16.41611,27
16.41611,27
16.41611,27
16.41611,27
16.41611,27
16.41029,27
16.41029,27
16.41029,27
16.41029,27
16.41029,27
16.41029,27
16.41029,27
16.41029,27
16.40502,27
16.40502,27
16.40502,27
16.40502,27
16.40502,27
16.40502,27
16.40502,27
16.40502,27
16.4003,27
16.4003,27
16.4003,27
16.4003,27
16.4003,27
16.4003,27
16.4003,27
16.4003,27
16.39612,27
16.39612,27
16.39612,27
16.39612,27
16.39612,27
16.39612,27
16.39612,27
16.39612,27
16.39238,27
16.39238,27
16.39238,27
16.39238,27
16.39238,27
16.39238,27
16.39238,27
16.39238,27
16.38912,27
16.38912,27
16.38912,27
16.38912,27
16.38912,27
16.38912,27
16.38912,27
16.38912,27
16.38623,27
16.38623,27
16.38623,27
16.38623,27
16.38623,27
16.38623,27
16.38623,27
16.38623,27
16.38375,27
16.38375,27
16.38375,27
16.38375,27
16.38375,27
16.38375,27
16.38375,27
16.38375,27
16.38169,27
16.38169,27
16.38169,27
16.38169,27
16.38169,27
16.38169,27
16.38169,27
16.38169,27
16.37999,27
16.37999,27
16.37999,27
16.37999,27
16.37999,27
16.37999,27
16.37999,27
16.37999,27
16.37878,27
16.37878,27
16.37878,27
16.37878,27
16.37878,27
16.37878,27
16.37878,27
16.37878,27
16.3781,27
16.3781,27
16.3781,27
16.3781,27
16.3781,27
16.3781,27
16.3781,27
16.3781,27
16.37796,27
16.37796,27
16.37796,27
16.37796,27
16.37796,27
16.37796,27
16.37796,27
16.37796,27
16.37836,27
16.37836,27
16.37836,27
16.37836,27
16.37836,27
16.37836,27
16.37836,27
16.37836,27
16.41237,27
16.41237,27
16.41237,27
16.41237,27
16.41237,27
16.41237,27
16.41237,27
16.41237,27
16.41523,27
16.41523,27
16.41523,27
16.41523,27
16.41523,27
16.41523,27
16.41523,27
16.41523,27
16.41862,27
16.41862,27
16.41862,27
16.41862,27
16.41862,27
16.41862,27
16.41862,27
16.41862,27
16.42257,27
16.42257,27
16.42257,27
16.42257,27
16.42257,27
16.42257,27
16.42257,27
16.42257,27
16.42687,27
16.42687,27
16.42687,27
16.42687,27
16.42687,27
16.42687,27
16.42687,27
16.42687,27
16.42068,27
16.42068,27
16.42068,27
16.42068,27
16.42068,27
16.42068,27
16.42068,27
16.42068,27
16.41489,27
16.41489,27
16.41489,27
16.41489,27
16.41489,27
16.41489,27
16.41489,27
16.41489,27
16.4095,27
16.4095,27
16.4095,27
16.4095,27
16.4095,27
16.4095,27
16.4095,27
16.4095,27
16.40456,27
16.40456,27
16.40456,27
16.40456,27
16.40456,27
16.40456,27
16.40456,27
16.40456,27
16.40017,27
16.40017,27
16.40017,27
16.40017,27
16.40017,27
16.40017,27
16.40017,27
16.40017,27
16.39632,27
16.39632,27
16.39632,27
16.39632,27
16.39632,27
16.39632,27
16.39632,27
16.39632,27
16.39301,27
16.39301,27
16.39301,27
16.39301,27
16.39301,27
16.39301,27
16.39301,27
16.39301,27
16.39024,27
16.39024,27
16.39024,27
16.39024,27
16.39024,27
16.39024,27
16.39024,27
16.39024,27
16.38801,27
16.38801,27
16.38801,27
16.38801,27
16.38801,27
16.38801,27
16.38801,27
16.38801,27
16.38632,27
16.38632,27
16.38632,27
16.38632,27
16.38632,27
16.38632,27
16.38632,27
16.38632,27
16.37695,27
16.37695,27
16.37695,27
16.37695,27
16.37695,27
16.37695,27
16.37695,27
16.37695,27
16.37616,27
16.37616,27
16.37616,27
16.37616,27
16.37616,27
16.37616,27
16.37616,27
16.37616,27
16.3759,27
16.3759,27
16.3759,27
16.3759,27
16.3759,27
16.3759,27
16.3759,27
16.3759,27
16.37617,27
16.37617,27
16.37617,27
16.37617,27
16.37617,27
16.37617,27
16.37617,27
16.37617,27
16.37699,27
16.37699,27
16.37699,27
16.37699,27
16.37699,27
16.37699,27
16.37699,27
16.37699,27
16.37834,27
16.37834,27
16.37834,27
16.37834,27
16.37834,27
16.37834,27
16.37834,27
16.37834,27
16.38023,27
16.38023,27
16.38023,27
16.38023,27
16.38023,27
16.38023,27
16.38023,27
16.38023,27
16.38265,27
16.38265,27
16.38265,27
16.38265,27
16.38265,27
16.38265,27
16.38265,27
16.38265,27
16.38538,27
16.38538,27
16.38538,27
16.38538,27
16.38538,27
16.38538,27
16.38538,27
16.38538,27
16.38858,27
16.38858,27
16.38858,27
16.38858,27
16.38858,27
16.38858,27
16.38858,27
16.38858,27
16.39216,27
16.39216,27
16.39216,27
16.39216,27
16.39216,27
16.39216,27
16.39216,27
16.39216,27
16.39615,27
16.39615,27
16.39615,27
16.39615,27
16.39615,27
16.39615,27
16.39615,27
16.39615,27
16.40058,27
16.40058,27
16.40058,27
16.40058,27
16.40058,27
16.40058,27
16.40058,27
16.40058,27
16.40546,27
16.40546,27
16.40546,27
16.40546,27
16.40546,27
16.40546,27
16.40546,27
16.40546,27
16.41088,27
16.41088,27
16.41088,27
16.41088,27
16.41088,27
16.41088,27
16.41088,27
16.41088,27
16.41685,27
16.41685,27
16.41685,27
16.41685,27
16.41685,27
16.41685,27
16.41685,27
16.41685,27
16.41574,27
16.41574,27
16.41574,27
16.41574,27
16.41574,27
16.41574,27
16.41574,27
16.41574,27
16.41014,27
16.41014,27
16.41014,27
16.41014,27
16.41014,27
16.41014,27
16.41014,27
16.41014,27
16.40502,27
16.40502,27
16.40502,27
16.40502,27
16.40502,27
16.40502,27
16.40502,27
16.40502,27
16.40039,27
16.40039,27
16.40039,27
16.40039,27
16.40039,27
16.40039,27
16.40039,27
16.40039,27
16.39611,27
16.39611,27
16.39611,27
16.39611,27
16.39611,27
16.39611,27
16.39611,27
16.39611,27
16.3923,27
16.3923,27
16.3923,27
16.3923,27
16.3923,27
16.3923,27
16.3923,27
16.3923,27
16.38882,27
16.38882,27
16.38882,27
16.38882,27
16.38882,27
16.38882,27
16.38882,27
16.38882,27
16.38579,27
16.38579,27
16.38579,27
16.38579,27
16.38579,27
16.38579,27
16.38579,27
16.38579,27
16.38315,27
16.38315,27
16.38315,27
16.38315,27
16.38315,27
16.38315,27
16.38315,27
16.38315,27
16.38103,27
16.38103,27
16.38103,27
16.38103,27
16.38103,27
16.38103,27
16.38103,27
16.38103,27
16.37946,27
16.37946,27
16.37946,27
16.37946,27
16.37946,27
16.37946,27
16.37946,27
16.37946,27
16.39515,27
16.39515,27
16.39515,27
16.39515,27
16.39515,27
16.39515,27
16.39847,27
16.39847,27
16.39847,27
16.39847,27
16.39847,27
16.39847,27
16.39847,27
16.39847,27
16.40316,27
16.40316,27
16.40316,27
16.40316,27
16.40316,27
16.40316,27
16.40316,27
16.40316,27
16.40866,27
16.40866,27
16.40866,27
16.40866,27
16.40866,27
16.40866,27
16.40866,27
16.40866,27
16.41472,27
16.41472,27
16.41472,27
16.41472,27
16.41472,27
16.41472,27
16.41472,27
16.41472,27
16.41738,27
16.41738,27
16.41738,27
16.41738,27
16.41738,27
16.41738,27
16.41738,27
16.41738,27
16.4117,27
16.4117,27
16.4117,27
16.4117,27
16.4117,27
16.4117,27
16.4117,27
16.4117,27
16.40637,27
16.40637,27
16.40637,27
16.40637,27
16.40637,27
16.40637,27
16.40637,27
16.40637,27
16.40146,27
16.40146,27
16.40146,27
16.40146,27
16.40146,27
16.40146,27
16.40146,27
16.40146,27
16.39697,27
16.39697,27
16.39697,27
16.39697,27
16.39697,27
16.39697,27
16.39697,27
16.39697,27
16.39284,27
16.39284,27
16.39284,27
16.39284,27
16.39284,27
16.39284,27
16.39284,27
16.39284,27
16.38918,27
16.38918,27
16.38918,27
16.38918,27
16.38918,27
16.38918,27
16.38918,27
16.38918,27
16.38605,27
16.38605,27
16.38605,27
16.38605,27
16.38605,27
16.38605,27
16.38605,27
16.38605,27
16.38345,27
16.38345,27
16.38345,27
16.38345,27
16.38345,27
16.38345,27
16.38345,27
16.38345,27
16.38139,27
16.38139,27
16.38139,27
16.38139,27
16.38139,27
16.38139,27
16.38139,27
16.38139,27
16.37986,27
16.37986,27
16.37986,27
16.37986,27
16.37986,27
16.37986,27
16.37986,27
16.37986,27
16.37886,27
16.37886,27
16.37886,27
16.37886,27
16.37886,27
16.37886,27
16.37886,27
16.37886,27
16.37839,27
16.37839,27
16.37839,27
16.37839,27
16.37839,27
16.37839,27
16.37839,27
16.37839,27
16.37846,27
16.37846,27
16.37846,27
16.37846,27
16.37846,27
16.37846,27
16.37846,27
16.37846,27
16.37905,27
16.37905,27
16.37905,27
16.37905,27
16.37905,27
16.37905,27
16.37905,27
16.37905,27
16.40935,27
16.40935,27
16.40935,27
16.40935,27
16.40935,27
16.40935,27
16.40935,27
16.40935,27
16.41248,27
16.41248,27
16.41248,27
16.41248,27
16.41248,27
16.41248,27
16.41248,27
16.41248,27
16.41618,27
16.41618,27
16.41618,27
16.41618,27
16.41618,27
16.41618,27
16.41618,27
16.41618,27
16.41892,27
16.41892,27
16.41892,27
16.41892,27
16.41892,27
16.41892,27
16.41892,27
16.41892,27
16.41863,27
16.41863,27
16.41863,27
16.41863,27
16.41863,27
16.41863,27
16.41863,27
16.41863,27
16.41892,27
16.41892,27
16.41892,27
16.41892,27
16.41892,27
16.41892,27
16.41892,27
16.41892,27
16.41984,27
16.41984,27
16.41984,27
16.41984,27
16.41984,27
16.41984,27
16.41984,27
16.41984,27
16.41843,27
16.41843,27
16.41843,27
16.41843,27
16.41843,27
16.41843,27
16.41843,27
16.41843,27
16.41374,27
16.41374,27
16.41374,27
16.41374,27
16.41374,27
16.41374,27
16.41374,27
16.41374,27
16.40959,27
16.40959,27
16.40959,27
16.40959,27
16.40959,27
16.40959,27
16.40959,27
16.40959,27
16.40598,27
16.40598,27
16.40598,27
16.40598,27
16.40598,27
16.40598,27
16.40598,27
16.40598,27
16.4029,27
16.4029,27
16.4029,27
16.4029,27
16.4029,27
16.4029,27
16.4029,27
16.4029,27
16.40033,27
16.40033,27
16.40033,27
16.40033,27
16.40033,27
16.40033,27
16.40033,27
16.40033,27
16.3981,27
16.3981,27
16.3981,27
16.3981,27
16.3981,27
16.3981,27
16.3981,27
16.3981,27
16.39631,27
16.39631,27
16.39631,27
16.39631,27
16.39631,27
16.39631,27
16.39631,27
16.39631,27
16.37422,27
16.37422,27
16.37422,27
16.37422,27
16.37422,27
16.37422,27
16.37422,27
16.37422,27
16.37362,27
16.37362,27
16.37362,27
16.37362,27
16.37362,27
16.37362,27
16.37362,27
16.37362,27
16.37357,27
16.37357,27
16.37357,27
16.37357,27
16.37357,27
16.37357,27
16.37357,27
16.37357,27
16.37383,27
16.37383,27
16.37383,27
16.37383,27
16.37383,27
16.37383,27
16.37383,27
16.37383,27
16.37458,27
16.37458,27
16.37458,27
16.37458,27
16.37458,27
16.37458,27
16.37458,27
16.37458,27
16.37569,27
16.37569,27
16.37569,27
16.37569,27
16.37569,27
16.37569,27
16.37569,27
16.37569,27
16.37723,27
16.37723,27
16.37723,27
16.37723,27
16.37723,27
16.37723,27
16.37723,27
16.37723,27
16.3792,27
16.3792,27
16.3792,27
16.3792,27
16.3792,27
16.3792,27
16.3792,27
16.3792,27
16.38163,27
16.38163,27
16.38163,27
16.38163,27
16.38163,27
16.38163,27
16.38163,27
16.38163,27
16.38458,27
16.38458,27
16.38458,27
16.38458,27
16.38458,27
16.38458,27
16.38458,27
16.38458,27
16.3881,27
16.3881,27
16.3881,27
16.3881,27
16.3881,27
16.3881,27
16.3881,27
16.3881,27
16.39216,27
16.39216,27
16.39216,27
16.39216,27
16.39216,27
16.39216,27
16.39216,27
16.39216,27
16.39679,27
16.39679,27
16.39679,27
16.39679,27
16.39679,27
16.39679,27
16.39679,27
16.39679,27
16.40196,27
16.40196,27
16.40196,27
16.40196,27
16.40196,27
16.40196,27
16.40196,27
16.40196,27
16.40769,27
16.40769,27
16.40769,27
16.40769,27
16.40769,27
16.40769,27
16.40769,27
16.40769,27
16.41173,27
16.41173,27
16.41173,27
16.41173,27
16.41173,27
16.41173,27
16.41173,27
16.41173,27
16.41382,27
16.41382,27
16.41382,27
16.41382,27
16.41382,27
16.41382,27
16.41382,27
16.41382,27
16.41412,27
16.41412,27
16.41412,27
16.41412,27
16.41412,27
16.41412,27
16.41412,27
16.41412,27
16.40867,27
16.40867,27
16.40867,27
16.40867,27
16.40867,27
16.40867,27
16.40867,27
16.40867,27
16.40359,27
16.40359,27
16.40359,27
16.40359,27
16.40359,27
16.40359,27
16.40359,27
16.40359,27
16.39904,27
16.39904,27
16.39904,27
16.39904,27
16.39904,27
16.39904,27
16.39904,27
16.39904,27
16.39503,27
16.39503,27
16.39503,27
16.39503,27
16.39503,27
16.39503,27
16.39503,27
16.39503,27
16.39155,27
16.39155,27
16.39155,27
16.39155,27
16.39155,27
16.39155,27
16.39155,27
16.39155,27
16.38859,27
16.38859,27
16.38859,27
16.38859,27
16.38859,27
16.38859,27
16.38859,27
16.38859,27
16.38617,27
16.38617,27
16.38617,27
16.38617,27
16.38617,27
16.38617,27
16.38617,27
16.38617,27
16.38428,27
16.38428,27
16.38428,27
16.38428,27
16.38428,27
16.38428,27
16.38428,27
16.38428,27
16.38292,27
16.38292,27
16.38292,27
16.38292,27
16.38292,27
16.38292,27
16.38292,27
16.38292,27
16.38209,27
16.38209,27
16.38209,27
16.38209,27
16.38209,27
16.38209,27
16.38209,27
16.38209,27
16.38178,27
16.38178,27
16.38178,27
16.38178,27
16.38178,27
16.38178,27
16.38178,27
16.38178,27
16.38181,27
16.38181,27
16.38181,27
16.38181,27
16.38181,27
16.38181,27
16.38181,27
16.38181,27
16.40573,27
16.40573,27
16.40573,27
16.40573,27
16.40573,27
16.40573,27
16.40573,27
16.40573,27
16.40828,27
16.40828,27
16.40828,27
16.40828,27
16.40828,27
16.40828,27
16.40828,27
16.40828,27
16.41002,27
16.41002,27
16.41002,27
16.41002,27
16.41002,27
16.41002,27
16.41002,27
16.41002,27
16.41064,27
16.41064,27
16.41064,27
16.41064,27
16.41064,27
16.41064,27
16.41064,27
16.41064,27
16.40997,27
16.40997,27
16.40997,27
16.40997,27
16.40997,27
16.40997,27
16.40997,27
16.40997,27
16.40991,27
16.40991,27
16.40991,27
16.40991,27
16.40991,27
16.40991,27
16.40991,27
16.40991,27
16.41048,27
16.41048,27
16.41048,27
16.41048,27
16.41048,27
16.41048,27
16.41048,27
16.41048,27
16.41166,27
16.41166,27
16.41166,27
16.41166,27
16.41166,27
16.41166,27
16.41166,27
16.41166,27
16.41345,27
16.41345,27
16.41345,27
16.41345,27
16.41345,27
16.41345,27
16.41345,27
16.41345,27
16.41584,27
16.41584,27
16.41584,27
16.41584,27
16.41584,27
16.41584,27
16.41584,27
16.41584,27
16.41741,27
16.41741,27
16.41741,27
16.41741,27
16.41741,27
16.41741,27
16.41741,27
16.41741,27
16.41381,27
16.41381,27
16.41381,27
16.41381,27
16.41381,27
16.41381,27
16.41381,27
16.41381,27
16.41069,27
16.41069,27
16.41069,27
16.41069,27
16.41069,27
16.41069,27
16.41069,27
16.41069,27
16.40788,27
16.40788,27
16.40788,27
16.40788,27
16.40788,27
16.40788,27
16.40788,27
16.40788,27
16.40553,27
16.40553,27
16.40553,27
16.40553,27
16.40553,27
16.40553,27
16.40553,27
16.40553,27
16.37581,27
16.37581,27
16.37581,27
16.37581,27
16.37581,27
16.37581,27
16.37581,27
16.37581,27
16.37472,27
16.37472,27
16.37472,27
16.37472,27
16.37472,27
16.37472,27
16.37472,27
16.37472,27
16.37406,27
16.37406,27
16.37406,27
16.37406,27
16.37406,27
16.37406,27
16.37406,27
16.37406,27
16.37376,27
16.37376,27
16.37376,27
16.37376,27
16.37376,27
16.37376,27
16.37376,27
16.37376,27
16.37394,27
16.37394,27
16.37394,27
16.37394,27
16.37394,27
16.37394,27
16.37394,27
16.37394,27
16.37446,27
16.37446,27
16.37446,27
16.37446,27
16.37446,27
16.37446,27
16.37446,27
16.37446,27
16.37549,27
16.37549,27
16.37549,27
16.37549,27
16.37549,27
16.37549,27
16.37549,27
16.37549,27
16.377,27
16.377,27
16.377,27
16.377,27
16.377,27
16.377,27
16.377,27
16.377,27
16.37906,27
16.37906,27
16.37906,27
16.37906,27
16.37906,27
16.37906,27
16.37906,27
16.37906,27
16.38168,27
16.38168,27
16.38168,27
16.38168,27
16.38168,27
16.38168,27
16.38168,27
16.38168,27
16.38486,27
16.38486,27
16.38486,27
16.38486,27
16.38486,27
16.38486,27
16.38486,27
16.38486,27
16.38859,27
16.38859,27
16.38859,27
16.38859,27
16.38859,27
16.38859,27
16.38859,27
16.38859,27
16.39288,27
16.39288,27
16.39288,27
16.39288,27
16.39288,27
16.39288,27
16.39288,27
16.39288,27
16.39773,27
16.39773,27
16.39773,27
16.39773,27
16.39773,27
16.39773,27
16.39773,27
16.39773,27
16.40107,27
16.40107,27
16.40107,27
16.40107,27
16.40107,27
16.40107,27
16.40107,27
16.40107,27
16.40208,27
16.40208,27
16.40208,27
16.40208,27
16.40208,27
16.40208,27
16.40208,27
16.40208,27
16.4036,27
16.4036,27
16.4036,27
16.4036,27
16.4036,27
16.4036,27
16.4036,27
16.4036,27
16.4057,27
16.4057,27
16.4057,27
16.4057,27
16.4057,27
16.4057,27
16.4057,27
16.4057,27
16.40838,27
16.40838,27
16.40838,27
16.40838,27
16.40838,27
16.40838,27
16.40838,27
16.40838,27
16.41163,27
16.41163,27
16.41163,27
16.41163,27
16.41163,27
16.41163,27
16.41163,27
16.41163,27
16.40814,27
16.40814,27
16.40814,27
16.40814,27
16.40814,27
16.40814,27
16.40814,27
16.40814,27
16.40377,27
16.40377,27
16.40377,27
16.40377,27
16.40377,27
16.40377,27
16.40377,27
16.40377,27
16.39994,27
16.39994,27
16.39994,27
16.39994,27
16.39994,27
16.39994,27
16.39994,27
16.39994,27
16.39663,27
16.39663,27
16.39663,27
16.39663,27
16.39663,27
16.39663,27
16.39663,27
16.39663,27
16.39386,27
16.39386,27
16.39386,27
16.39386,27
16.39386,27
16.39386,27
16.39386,27
16.39386,27
16.3916,27
16.3916,27
16.3916,27
16.3916,27
16.3916,27
16.3916,27
16.3916,27
16.3916,27
16.38988,27
16.38988,27
16.38988,27
16.38988,27
16.38988,27
16.38988,27
16.38988,27
16.38988,27
16.38858,27
16.38858,27
16.38858,27
16.38858,27
16.38858,27
16.38858,27
16.38858,27
16.38858,27
16.38768,27
16.38768,27
16.38768,27
16.38768,27
16.38768,27
16.38768,27
16.38768,27
16.38768,27
16.38715,27
16.38715,27
16.38715,27
16.38715,27
16.38715,27
16.38715,27
16.38715,27
16.38715,27
16.38708,27
16.38708,27
16.38708,27
16.38708,27
16.38708,27
16.38708,27
16.38708,27
16.38708,27
16.4045,27
16.4045,27
16.4045,27
16.4045,27
16.4045,27
16.4045,27
16.4045,27
16.4045,27
16.40414,27
16.40414,27
16.40414,27
16.40414,27
16.40414,27
16.40414,27
16.40414,27
16.40414,27
16.40249,27
16.40249,27
16.40249,27
16.40249,27
16.40249,27
16.40249,27
16.40249,27
16.40249,27
16.40147,27
16.40147,27
16.40147,27
16.40147,27
16.40147,27
16.40147,27
16.40147,27
16.40147,27
16.40107,27
16.40107,27
16.40107,27
16.40107,27
16.40107,27
16.40107,27
16.40107,27
16.40107,27
16.40129,27
16.40129,27
16.40129,27
16.40129,27
16.40129,27
16.40129,27
16.40129,27
16.40129,27
16.40213,27
16.40213,27
16.40213,27
16.40213,27
16.40213,27
16.40213,27
16.40213,27
16.40213,27
16.40357,27
16.40357,27
16.40357,27
16.40357,27
16.40357,27
16.40357,27
16.40357,27
16.40357,27
16.40562,27
16.40562,27
16.40562,27
16.40562,27
16.40562,27
16.40562,27
16.40562,27
16.40562,27
16.40828,27
16.40828,27
16.40828,27
16.40828,27
16.40828,27
16.40828,27
16.40828,27
16.40828,27
16.41139,27
16.41139,27
16.41139,27
16.41139,27
16.41139,27
16.41139,27
16.41139,27
16.41139,27
16.41501,27
16.41501,27
16.41501,27
16.41501,27
16.41501,27
16.41501,27
16.41501,27
16.41501,27
16.41902,27
16.41902,27
16.41902,27
16.41902,27
16.41902,27
16.41902,27
16.41902,27
16.41902,27
16.41565,27
16.41565,27
16.41565,27
16.41565,27
16.41565,27
16.41565,27
16.41565,27
16.41565,27
16.41146,27
16.41146,27
16.41146,27
16.41146,27
16.41146,27
16.41146,27
16.41146,27
16.41146,27
16.3792,27
16.3792,27
16.3792,27
16.3792,27
16.3792,27
16.3792,27
16.3792,27
16.3792,27
16.37794,27
16.37794,27
16.37794,27
16.37794,27
16.37794,27
16.37794,27
16.3Distance,Numhops
16.36912,27
16.36912,27
16.36912,27
16.36912,27
16.36912,27
16.36912,27
16.37778,27
16.37778,27
16.37778,27
16.37778,27
16.3779,27
16.3779,27
16.3779,27
16.3779,27
16.3779,27
16.3779,27
16.3779,27
16.3779,27
16.38709,27
16.38709,27
16.39951,27
16.39951,27
16.3996,27
16.3996,27
16.3996,27
16.3996,27
16.3996,27
16.3996,27
16.38458,27
16.38458,27
16.38453,27
16.38453,27
16.38453,27
16.38453,27
16.38453,27
16.37566,27
16.37566,27
16.37566,27
16.36438,27
16.36438,27
16.36438,27
16.36447,27
16.36447,27
16.36447,27
16.36447,27
16.36447,27
16.36447,27
16.36447,27
16.36447,27
16.38135,27
16.38135,27
16.38135,27
16.39291,27
16.39291,27
16.39291,27
16.39302,27
16.39302,27
16.39302,27
16.39302,27
16.39302,27
16.39302,27
16.39302,27
16.39302,27
16.40262,27
16.40262,27
16.40271,27
16.40271,27
16.40271,27
16.40271,27
16.40271,27
16.40271,27
16.39762,27
16.39762,27
16.39762,27
16.39762,27
16.39746,27
16.39746,27
16.39746,27
16.39746,27
16.39746,27
16.39746,27
16.39746,27
16.39746,27
16.39131,27
16.39131,27
16.39131,27
16.38567,27
16.38567,27
16.38567,27
16.38205,27
16.38205,27
16.38205,27
16.38205,27
16.37955,27
16.37955,27
16.37955,27
16.37955,27
16.37718,27
16.37718,27
16.37718,27
16.37185,27
16.37185,27
16.37185,27
16.37185,27
16.36968,27
16.36968,27
16.36862,27
16.36862,27
16.36862,27
16.36888,27
16.36888,27
16.36888,27
16.36934,27
16.36934,27
16.36934,27
16.36934,27
16.36934,27
16.36991,27
16.36991,27
16.36991,27
16.36991,27
16.3702,27
16.3702,27
16.3702,27
16.3702,27
16.37087,27
16.37087,27
16.37087,27
16.37087,27
16.37164,27
16.37164,27
16.37164,27
16.37164,27
16.37356,27
16.37356,27
16.37356,27
16.37536,27
16.37536,27
16.37536,27
16.37536,27
16.38299,27
16.38299,27
16.38299,27
16.38299,27
16.38632,27
16.38632,27
16.38632,27
16.38632,27
16.38981,27
16.38981,27
16.38981,27
16.38981,27
16.39374,27
16.39374,27
16.39374,27
16.39374,27
16.39679,27
16.39679,27
16.39679,27
16.39679,27
16.40026,27
16.40026,27
16.40026,27
16.40396,27
16.40396,27
16.40396,27
16.40396,27
16.40396,27
16.4045,27
16.4045,27
16.4045,27
16.4045,27
16.40103,27
16.40103,27
16.40103,27
16.40103,27
16.39752,27
16.39752,27
16.39752,27
16.39752,27
16.39752,27
16.39406,27
16.39406,27
16.39406,27
16.39406,27
16.38724,27
16.38724,27
16.38724,27
16.38724,27
16.3824,27
16.3824,27
16.3824,27
16.3824,27
16.37341,27
16.37341,27
16.37341,27
16.3683,27
16.3683,27
16.3683,27
16.3683,27
16.3683,27
16.36714,27
16.36714,27
16.36714,27
16.36714,27
16.36714,27
16.36598,27
16.36598,27
16.36598,27
16.36598,27
16.36582,27
16.36582,27
16.36582,27
16.36582,27
16.36613,27
16.36613,27
16.36613,27
16.36697,27
16.36697,27
16.36697,27
16.36697,27
16.36792,27
16.36792,27
16.36792,27
16.36792,27
16.36961,27
16.36961,27
16.36961,27
16.37439,27
16.37439,27
16.37439,27
16.37439,27
16.39114,27
16.39114,27
16.39114,27
16.39114,27
16.39503,27
16.39503,27
16.39503,27
16.39806,27
16.39806,27
16.39806,27
16.39806,27
16.40241,27
16.40241,27
16.40241,27
16.39488,27
16.39488,27
16.39488,27
16.38421,27
16.38421,27
16.38421,27
16.38421,27
16.38197,27
16.38197,27
16.38197,27
16.38197,27
16.37373,27
16.37373,27
16.37373,27
16.38278,27
16.38278,27
16.38278,27
16.38371,27
16.38371,27
16.38371,27
16.38371,27
16.40045,27
16.40045,27
16.40045,27
16.38837,27
16.38837,27
16.38837,27
16.38987,27
16.38987,27
16.38985,27
16.38985,27
16.38985,27
16.38985,27
16.38985,27
16.38985,27
16.38985,27
16.38939,27
16.38939,27
16.38937,27
16.38937,27
16.38937,27
16.38937,27
16.38937,27
16.38937,27
16.38937,27
16.38904,27
16.38904,27
16.38904,27
16.38904,27
16.38904,27
16.38904,27
16.38904,27
16.38904,27
16.38904,27
16.38904,27
16.38904,27
16.3885,27
16.3885,27
16.38876,27
16.38876,27
16.38877,27
16.38877,27
16.38877,27
16.38877,27
16.38877,27
16.38877,27
16.3893,27
16.3893,27
16.38932,27
16.38932,27
16.38932,27
16.38932,27
16.38932,27
16.38932,27
16.38932,27
16.41016,27
16.41016,27
16.41016,27
16.40733,27
16.40733,27
16.40733,27
16.39254,27
16.39254,27
16.39254,27
16.39254,27
16.38201,27
16.38201,27
16.38201,27
16.38182,27
16.38182,27
16.38182,27
16.38182,27
16.38266,27
16.38266,27
16.38266,27
16.38266,27
16.38266,27
16.38322,27
16.38322,27
16.38322,27
16.38322,27
16.38326,27
16.38326,27
16.38326,27
16.38326,27
16.38326,27
16.38326,27
16.38326,27
16.38326,27
16.38316,27
16.38316,27
16.38316,27
16.38316,27
16.38316,27
16.38316,27
16.38316,27
16.38316,27
16.38324,27
16.38324,27
16.38324,27
16.38324,27
16.38324,27
16.38324,27
16.38324,27
16.38324,27
16.38333,27
16.38333,27
16.38333,27
16.38333,27
16.38333,27
16.38333,27
16.38333,27
16.38333,27
16.39759,27
16.39759,27
16.39759,27
16.39759,27
16.39493,27
16.39493,27
16.39493,27
16.39493,27
16.39493,27
16.39521,27
16.39521,27
16.39521,27
16.39521,27
16.3893,27
16.3893,27
16.38929,27
16.3